Organization/Person Name,Organization/Person Name URL,Investor Type,Number of Investments,Number of Exits,Location,Regions,Description,Number of Portfolio Organizations,Number of Exits (IPO),Number of Lead Investments,Operating Status,Founded Date,Founded Date Precision,Website,LinkedIn,Industries,Industry Groups,Number of Founders,Founders,Number of Employees,Investment Stage,Company Type,Acquisition Status,IPO Status,CB Rank (Investor)
Galdana Ventures,https://www.crunchbase.com/organization/galdana-ventures,Venture Capital,1,,"Barcelona, Catalonia, Spain","European Union (EU), Europe, Middle East, and Africa (EMEA)","Galdana Ventures, with +$500m of AuM, is a venture capital fund of funds that invests in some of the best VCs of US, Asia, Israel and Europe",1,,,Active,2015-01-01,year,http://www.galdanaventures.com/,https://www.linkedin.com/company/galdana-ventures,Venture Capital,"Financial Services, Lending and Investments",4,"Didac Lee, Javier Rubio, Marcel Rafart, Roque Velasco",1-10,"Early Stage Venture, Late Stage Venture, Secondary Market, Seed, Venture",,,Private,"10,206"
Continuous Ventures,https://www.crunchbase.com/organization/continuous-ventures,"Accelerator, Venture Capital",1,,"Dubai, Dubai, United Arab Emirates","Europe, Middle East, and Africa (EMEA), Gulf Cooperation Council (GCC), Middle East",Continuous Ventures are at the forefront of driving innovation and disruption through our Private Accelerator & VC divisions.,1,,,Active,2018-04-05,day,https://www.continuous.vc,https://www.linkedin.com/company/continuousventures,"Artificial Intelligence (AI), Finance, Internet, Software, Venture Capital","Artificial Intelligence (AI), Data and Analytics, Financial Services, Internet Services, Lending and Investments, Science and Engineering, Software",1,Colin Meagle,11-50,"Early Stage Venture, Late Stage Venture, Non Equity Assistance, Private Equity, Seed, Venture",,,Private,"11,304"
BHV Partners,https://www.crunchbase.com/organization/bhv-partners,Venture Capital,1,,"Barcelona, Catalonia, Spain","European Union (EU), Europe, Middle East, and Africa (EMEA)",BHV Partners is the first venture builder specialised in health in Southern Europe,1,,,Active,2019-01-01,year,https://bhvpartners.com/,https://www.linkedin.com/company/bhvpartners/,"Health Care, Health Diagnostics, Medical Device, Nutrition","Food and Beverage, Health Care",4,"Albert G. Zamora, Joan Bigorra, Joaquim Trias, Marta Príncep",11-50,"Early Stage Venture, Late Stage Venture, Seed",For Profit,,Private,"14,729"
Firework Games,https://www.crunchbase.com/organization/firework-games,Venture Capital,1,,"Central, Hong Kong Island, Hong Kong",Asia-Pacific (APAC),"Firework's goal: immersive metaverse predicted by AI based on each users prior behaviors, same dimention while users perception is unique.",1,,,Active,2021-04-05,day,https://www.firework.games/,https://www.linkedin.com/company/firework-games-entertainment-limited,"Gaming, Information Technology, Metaverse, Mobile, Video Games, Virtual Reality","Gaming, Hardware, Information Technology, Media and Entertainment, Mobile, Software",,,11-50,Initial Coin Offering,For Profit,,Private,"16,965"
Klein Group,https://www.crunchbase.com/organization/klein-group,Venture Capital,1,,"Oslo, Minnesota, United States","Great Lakes, Midwestern US","Klein Group consists of a group of companies with various investments within the media, entertainment, and e-commerce industry.",1,,,Active,2009-01-01,year,https://www.kleingroup.no,https://www.linkedin.com/company/kleingroupas,,,,,1-10,Seed,,,Private,"17,834"
Avet Ventures,https://www.crunchbase.com/organization/avet-ventures,"Micro VC, Venture Capital",1,,"Barcelona, Catalonia, Spain","European Union (EU), Europe, Middle East, and Africa (EMEA)",Barcelona-based VC firm seeking scalable early stage innovative companies led by outstanding teams with global ambitions,1,,,Closed,2015-01-20,day,http://www.avet.ventures,https://www.linkedin.com/company/avet-ventures,"Financial Services, FinTech, Venture Capital","Financial Services, Lending and Investments",4,"David Avilés, Felix Arias, Merce Tell, Santiago Pi-Figueras",1-10,Early Stage Venture,,,Private,"21,204"
Harvard Ventures,https://www.crunchbase.com/organization/harvard-ventures,"Entrepreneurship Program, Venture Capital",1,,"Cambridge, Massachusetts, United States","Greater Boston Area, East Coast, New England",Harvard Ventures is the undergraduate entrepreneurship club.,1,,,Active,2011-01-01,year,http://www.harvardventures.org/,https://www.linkedin.com/company/harvard-ventures,,,,,11-50,"Early Stage Venture, Late Stage Venture",,,Private,"23,600"
SKLVC,https://www.crunchbase.com/organization/skl-vc-3394,"Incubator, Venture Capital",1,,"Dubai, Dubai, United Arab Emirates","Europe, Middle East, and Africa (EMEA), Gulf Cooperation Council (GCC), Middle East",Data-driven venture studio helping innovative startups scale and succeed.,1,,1,Active,2019-01-01,year,https://skl.vc/,https://www.linkedin.com/company/sklvc/,Venture Capital,"Financial Services, Lending and Investments",1,Artem Sokolov,51-100,"Early Stage Venture, Seed",,,Private,"24,478"
Willgrow,https://www.crunchbase.com/organization/willgrow,"Private Equity Firm, Venture Capital",1,,"Vilnius, Vilniaus Apskritis, Lithuania","European Union (EU), Europe, Middle East, and Africa (EMEA)",Willgrow is a venture capital investment firm.,1,,,Active,2016-01-01,year,https://willgrow.com,https://www.linkedin.com/company/willgrow-uab,,,,,11-50,"Early Stage Venture, Seed",,,Private,"30,683"
McKinley Investments,https://www.crunchbase.com/organization/mckinley-investments,Venture Capital,1,,"Pasadena, California, United States","Greater Los Angeles Area, West Coast, Western US",McKinley Investments is a company that offers project financing,1,,,Active,1998-04-01,month,http://www.mckinleyinvestment.com,https://www.linkedin.com/company/mckinley-investment/,,,,,51-100,Private Equity,,,Private,"35,767"
Ludus Holdings,https://www.crunchbase.com/organization/ludus-holdings,Venture Capital,1,,"Tallinn, Harjumaa, Estonia","European Union (EU), Europe, Middle East, and Africa (EMEA)","Ludus Holdings is an Angel investor that offers a range of funding programs and financial instruments such as equity, guarantees, and loans.",1,,,Active,2002-09-10,day,https://ludusholdings.eu,https://www.linkedin.com/company/ludus-holdings,,,,,,Seed,,,Private,"37,841"
Kapita,https://www.crunchbase.com/organization/kapita,Venture Capital,1,,"Humanes De Madrid, Madrid, Spain","European Union (EU), Europe, Middle East, and Africa (EMEA)",Kapita invest in innovative Retail & Tech companies in different stages of maturity and geographies through investment vehicles.,1,,1,Active,2019-01-01,year,https://www.kapita.io/,https://www.linkedin.com/company/kapita-ventures/,Venture Capital,"Financial Services, Lending and Investments",1,Dimas Alvarez,1-10,Early Stage Venture,,,Private,"39,085"
nFront Ventures,https://www.crunchbase.com/organization/nfront-ventures,Venture Capital,1,,"Oslo, Oslo, Norway","Nordic Countries, Scandinavia, Europe, Middle East, and Africa (EMEA)",nFront brings capital and operational support to companies across various stages of development.,1,,,Active,2019-06-01,day,https://nfrontventures.com/,https://www.linkedin.com/company/12650655/admin/,Venture Capital,"Financial Services, Lending and Investments",1,Magnus Rinnan Gaarder,1-10,"Early Stage Venture, Late Stage Venture, Seed",,,Private,"41,635"
Zenith Ventures,https://www.crunchbase.com/organization/zenith-ventures,Venture Capital,1,,,,A multi-strategy venture fund for the blockchain ecosystem,1,,,Active,,,https://www.zenith.ventures,https://www.linkedin.com/company/zenith-ventures,,,1,Branson Bollinger,1-10,"Early Stage Venture, Seed",,,Private,"43,183"
A+ Ventures,https://www.crunchbase.com/organization/a-ventures-a2c5,Venture Capital,1,,"Vilnius, Vilniaus Apskritis, Lithuania","European Union (EU), Europe, Middle East, and Africa (EMEA)",A+ Ventures is an investment firm that engages in funding crypto and blockchain projects.,1,,,Active,2021-01-01,year,https://aplusventures.io,https://www.linkedin.com/company/aplusventures,"Blockchain, Cryptocurrency, Finance, Financial Services, Venture Capital","Blockchain and Cryptocurrency, Financial Services, Lending and Investments, Other, Payments, Software",,,11-50,,,,Private,"43,427"
Nordic Game Ventures,https://www.crunchbase.com/organization/nordic-game-ventures,Venture Capital,1,,"Malmö, Skane Lan, Sweden","European Union (EU), Nordic Countries, Scandinavia","Seed and early stage investments by Nordic games entrepreneurs in games, game services, games tech in the Nordic countries.",1,,,Active,2015-09-01,day,http://nordicgameventures.com,https://www.linkedin.com/company/nordic-game-ventures,,,3,"Erik Robertson, Stefan Lindeberg, Timo Ylikangas",1-10,"Early Stage Venture, Seed",,,Private,"45,019"
Cerralvo Capital,https://www.crunchbase.com/organization/cerralvo-capital,Venture Capital,1,,"North Palm Beach, Florida, United States","Greater Miami Area, East Coast, Southern US",Cerralvo Capital is an investment management organization that help other small and large SMEs through investment funds for development.,1,,,Active,2018-01-01,year,https://www.cerralvocapital.com/,https://www.linkedin.com/company/cerralvo-capital,"Angel Investment, Financial Services, Impact Investing","Financial Services, Lending and Investments",,,1-10,"Early Stage Venture, Seed, Venture",,,Private,"46,401"
Resist.UA,https://www.crunchbase.com/organization/resist-ua,Venture Capital,1,,"Kyiv, Kyyiv, Ukraine","Europe, Middle East, and Africa (EMEA)",Resist.UA is a venture fund aimed at investing in Ukrainian mil-tech companies during the war with Russia.,1,,,Active,2023-11-23,day,https://www.resist.ua,https://www.linkedin.com/company/resist-ua,Venture Capital,"Financial Services, Lending and Investments",1,Roman Sulzhyk,1-10,Early Stage Venture,,,Private,"46,818"
101 Ventures,https://www.crunchbase.com/organization/101-ventures,Venture Capital,1,,"Barcelona, Catalonia, Spain","European Union (EU), Europe, Middle East, and Africa (EMEA)","101 Ventures funds, develops, and scales digital and new-tech startups.",1,,1,Active,2019-01-01,year,https://101ventures.io/,https://www.linkedin.com/company/101venturesio/,"Business Development, Information Technology, Venture Capital","Financial Services, Information Technology, Lending and Investments, Professional Services",6,"Guillermo Briones Bori, Jordi Priu, Marc Borrell, Matt Fifer, Rafael García Escarré, Rita Almela",1-10,Seed,,,Private,"47,623"
K2 Syndicators,https://www.crunchbase.com/organization/k2-syndicators,Venture Capital,1,,,,K2 Syndicators is an angel group and venture syndication firm for startups.,1,,,Active,2018-01-01,year,https://k2s.vc,https://www.linkedin.com/company/k2-syndicators,,,,,1-10,"Early Stage Venture, Seed",,,Private,"49,912"
Techaround VC,https://www.crunchbase.com/organization/techaround-vc,Venture Capital,1,,"Lombardi, Campania, Italy","European Union (EU), Europe, Middle East, and Africa (EMEA)",Techaround VC is an investment firm.,1,,1,Active,2023-01-01,year,https://www.techaround.vc,https://www.linkedin.com/company/techaround-vc,,,3,"Joseph Calabrese, Pietro Invernizzi, Stanislao Dorta",1-10,,,,Private,"49,961"
Vestland Group,https://www.crunchbase.com/organization/vestland-group,Venture Capital,1,,"Oslo, Oslo, Norway","Nordic Countries, Scandinavia, Europe, Middle East, and Africa (EMEA)",Vestland Group is a venture capital firm.,1,,,Active,2000-01-01,year,https://www.vestland.com,,"Finance, Financial Services, Venture Capital","Financial Services, Lending and Investments",1,Erik Langaker,11-50,Early Stage Venture,,,Private,"50,106"
Maia Venture,https://www.crunchbase.com/organization/maia-venture,Venture Capital,1,,,,Maia Venture is an investment firm.,1,,,Active,,,,,,,,,,,,,Private,"51,479"
Blue Goose Capital,https://www.crunchbase.com/organization/blue-goose-capital,Venture Capital,1,,"Cambridge, Massachusetts, United States","Greater Boston Area, East Coast, New England","Blue Goose Capital is Investing in biopharma, data, and device companies.",1,,,Active,,,https://bluegoosecap.com/,https://www.linkedin.com/company/blue-goose-capital/,,,,,1-10,"Early Stage Venture, Seed",,,Private,"52,329"
FStage,https://www.crunchbase.com/organization/fstage,"Angel Group, Micro VC, Syndicate, Venture Capital",1,,"Tallinn, Harjumaa, Estonia","European Union (EU), Europe, Middle East, and Africa (EMEA)",From pre-seed to seed with mentors,1,,,Active,2021-01-08,day,https://fstage.vc/,https://www.linkedin.com/company/fstage-vc/,,,1,Mikk Orglaan,1-10,"Convertible Note, Early Stage Venture, Seed",,,Private,"52,862"
Flow Ventures,https://www.crunchbase.com/organization/flow-ventures-c2ab,Venture Capital,1,,"Haugesund, Rogaland, Norway","Nordic Countries, Scandinavia, Europe, Middle East, and Africa (EMEA)",Flow Ventures is a venture capital firm that focuses on investments in the ocean industries.,1,,1,Active,2019-01-01,year,https://www.flow.eco/ventures,https://www.linkedin.com/company/flowaccelerate/,"Financial Services, Impact Investing, Venture Capital","Financial Services, Lending and Investments",,,1-10,Seed,,,Private,"54,000"
Greiner Innoventures,https://www.crunchbase.com/organization/greiner-innoventures,Venture Capital,1,,"Vienna, Wien, Austria","European Union (EU), Europe, Middle East, and Africa (EMEA)","Greiner Innoventures develops products and markets, business areas, technologies, procedures, approaches, and processes.",1,,,Active,2021-01-01,year,https://greiner-innoventures.com/,https://www.linkedin.com/company/greiner-innoventures/,"Food and Beverage, Manufacturing, Medical","Food and Beverage, Health Care, Manufacturing",,,1-10,,,,Private,"54,032"
Up Strategy Lab,https://www.crunchbase.com/organization/up-strategy-lab,"Accelerator, Venture Capital",1,,"Göteborg, Vastra Gotaland, Sweden","European Union (EU), Nordic Countries, Scandinavia","Strategy Consulting, Sales, Marketing, Partner Programs, Digital Product Design, Investments",1,,1,Active,2018-09-24,day,https://www.upstrategylab.com,https://www.linkedin.com/company/up-strategy-lab,"Consulting, Management Consulting, Marketing Automation, Product Design, Sales Automation, Venture Capital","Design, Financial Services, Information Technology, Lending and Investments, Professional Services, Sales and Marketing, Software",2,"Daniel Nilsson, Noel Braganza",1-10,"Early Stage Venture, Seed",For Profit,,Private,"55,023"
Carlo Tassara,https://www.crunchbase.com/organization/carlo-tassara,Venture Capital,1,,"Breno, Lombardia, Italy","European Union (EU), Europe, Middle East, and Africa (EMEA)",Carlo Tassara S.p.A. is a holding company specializing in investment management and financial services.,1,,1,Active,1938-08-28,day,https://www.carlotassara.it,https://www.linkedin.com/company/carlo-tassara-s.p.a.,"Finance, Financial Services, Venture Capital","Financial Services, Lending and Investments",,,51-100,,For Profit,,Private,"56,489"
Cloudbreak Ventures,https://www.crunchbase.com/organization/cloudbreak-ventures,Venture Capital,1,,"Budapest, Budapest, Hungary","European Union (EU), Europe, Middle East, and Africa (EMEA)",Cloudbreak Ventures operates as an venture capital firm,1,,,Active,,,https://www.cloudbreak.vc/,,,,,,,,,,Private,"56,827"
Istria Capital,https://www.crunchbase.com/organization/istria-capital,"Private Equity Firm, Venture Capital",1,,"Humanes De Madrid, Madrid, Spain","European Union (EU), Europe, Middle East, and Africa (EMEA)",Istria Capital is an venture capital investment organization focusing on global investments and search funds.,1,,,Active,2017-01-01,year,https://www.istriacapital.com/,https://www.linkedin.com/company/istriacapital,"Angel Investment, Impact Investing, Venture Capital","Financial Services, Lending and Investments",,,1-10,,,,Private,"57,023"
Affinity Ventures,https://www.crunchbase.com/organization/affinity-ventures-2fc4,Venture Capital,1,,,,"Affinity Ventures is an angel investor syndicate focused on early-stage businesses, created by founders for founders.",1,,1,Active,,,https://www.affinityventures.co.uk/,https://www.linkedin.com/company/affinity-ventures-london/,,,,,,Early Stage Venture,,,Private,"57,674"
First Gate Invest,https://www.crunchbase.com/organization/first-gate-invest,Venture Capital,1,,"Sweden, South Carolina, United States","East Coast, Southern US",First Gate Invest is a investment company ivests in promising startups.,1,,,Active,2020-01-01,year,https://firstgateinvest.se,https://www.linkedin.com/company/first-gate-invest,,,,,11-50,Seed,,,Private,"58,136"
Newzone,https://www.crunchbase.com/organization/newzone,Venture Capital,1,,"London, England, United Kingdom","Europe, Middle East, and Africa (EMEA)",Newzone is early stage venture capital investor.,1,,,Active,2021-01-01,year,https://newzone.vc/,https://www.linkedin.com/company/newzone-ventures/,Venture Capital,"Financial Services, Lending and Investments",,,1-10,,,,Private,"58,403"
Vatican Ventures,https://www.crunchbase.com/organization/vatican-ventures,Venture Capital,1,,"Metairie, Louisiana, United States",Southern US,"A global venture capital firm based in Rome, Italy investing in Catholic-centered startups",1,,,Active,,,http://vaticanventures.com,,,,,,,,,,Private,"58,523"
Aragonese capital,https://www.crunchbase.com/organization/aragonese-capital,Venture Capital,1,,"Alcobendas, Madrid, Spain","European Union (EU), Europe, Middle East, and Africa (EMEA)",Aragonese capital is a venture capital firm.,1,,1,Active,1950-01-01,year,https://aragonesescpd.com,https://www.linkedin.com/company/aragoneses-cpd,"Finance, Financial Services, Venture Capital","Financial Services, Lending and Investments",,,11-50,,For Profit,,Private,"58,974"
Urriellu Ventures,https://www.crunchbase.com/organization/urriellu-ventures,Venture Capital,1,,"London, England, United Kingdom","Europe, Middle East, and Africa (EMEA)",Urriellu Ventures assist new businesses in the early phases of their development.,1,,,Active,,,http://urrielluventures.com,,,,,,,Seed,,,Private,"59,080"
AGV - All Generation Ventures,https://www.crunchbase.com/organization/agv-all-generation-ventures,Venture Capital,1,,"Stockholm, Stockholms Lan, Sweden","European Union (EU), Nordic Countries, Scandinavia","AGV (All Generation Ventures) is the nordic proptech platform which connects entrepreneurs, investors and stakeholders.",1,,1,Active,2021-01-01,year,http://www.agvnordics.se/,https://www.linkedin.com/company/all-generation-ventures,PropTech,Real Estate,,,1-10,,For Profit,,Private,"59,569"
mVenturesBCN,https://www.crunchbase.com/organization/mventuresbcn,Venture Capital,1,,"Barcelona, Catalonia, Spain","European Union (EU), Europe, Middle East, and Africa (EMEA)",mVenturesBcn is a new player in the field of innovation.,1,,1,Closed,,,http://mventuresbcn.com/,https://www.linkedin.com/company/mventuresbcn,,,,,1-10,,For Profit,,Private,"60,513"
Digital Irish Venture Fund,https://www.crunchbase.com/organization/digital-irish-venture-fund,Venture Capital,1,,"New York, New York, United States","Greater New York Area, East Coast, Northeastern US",Digital Irish Venture Fund is a fund investing in early-stage startups.,1,,,Active,,,https://www.digitalirish.fund,https://www.linkedin.com/company/digital-irish-venture-fund,,,1,Marius Smyth,,,,,Private,"60,945"
SCRM Barcelona,https://www.crunchbase.com/organization/scrm-barcelona,Venture Capital,1,,,,SCRM Barcelona offers growth financing to firms in the growth stage.,1,,,Active,,,http://scrm.es,,,,,,,Seed,,,Private,"60,947"
Good Deed Education Fund,https://www.crunchbase.com/organization/good-deed-education-fund,Venture Capital,1,,"Tallinn, Harjumaa, Estonia","European Union (EU), Europe, Middle East, and Africa (EMEA)",Good Deed Education Fund provides seed capital for innovative initiatives.,1,,,Active,,,https://heategu.ee/educationfund,https://www.linkedin.com/company/good-deed-foundation/about/,,,,,,"Early Stage Venture, Seed",,,Private,"61,104"
Cocoon Venture,https://www.crunchbase.com/organization/cocoon-venture,Venture Capital,1,,"Dubai, Dubai, United Arab Emirates","Europe, Middle East, and Africa (EMEA), Gulf Cooperation Council (GCC), Middle East","Cocoon Venture, a Dubai based Venture Capital firm, primarily focuses on making investments in early-stage Information Technology.",1,,,Active,2010-01-01,year,http://www.cocoonventure.com/,https://www.linkedin.com/company/cocoon-ventures/,"Consulting, Crowdfunding, Financial Services, Information Technology, Insurance, Internet of Things, Legal","Financial Services, Information Technology, Internet Services, Professional Services",2,"Nebu K Abraham, Rahul Bhardwaj",1-10,,,,Private,"61,190"
Antenna Hungária Innovációs Kft.,https://www.crunchbase.com/organization/antenna-hungária-innovációs-kft,"Corporate Venture Capital, Incubator, Startup Competition, Venture Capital",1,1,"Budapest, Budapest, Hungary","European Union (EU), Europe, Middle East, and Africa (EMEA)","Incubator, Seed Investment",1,,1,Active,2017-01-01,year,https://www.ahabrainstore.hu/,https://www.linkedin.com/company/aha-brain-store/,"Artificial Intelligence (AI), Drones, eSports, Information Technology, Mobile Apps, Software, Telecommunications","Apps, Artificial Intelligence (AI), Consumer Electronics, Consumer Goods, Data and Analytics, Hardware, Information Technology, Mobile, Science and Engineering, Software, Sports",,,1-10,"Early Stage Venture, Seed",,,Private,"62,090"
Ajanta,https://www.crunchbase.com/organization/ajanta,"Family Investment Office, Venture Capital",1,,"Helsinki, Southern Finland, Finland","European Union (EU), Nordic Countries, Scandinavia",Ajanta is a Finland family-owned investment company.,1,,1,Active,1989-01-01,year,https://www.ajanta.fi/,https://www.linkedin.com/company/ajanta-oy,,,,,1-10,Early Stage Venture,,,Private,"62,585"
Vereeni Investments,https://www.crunchbase.com/organization/vereeni-investments,Venture Capital,1,,,,Vereeni Investments is a venture capital firm focused on growing early stage businesses.,1,,,Active,2018-01-01,year,http://vereeni.com,,"Financial Services, Venture Capital","Financial Services, Lending and Investments",1,Tim Heath,,,,Made Acquisitions,Private,"63,242"
PROEF,https://www.crunchbase.com/organization/proef-a6d1,Corporate Venture Capital,1,,"Porto, Lisboa, Portugal","European Union (EU), Europe, Middle East, and Africa (EMEA)","Proef develops integrated solutions for the IT, Telecom, Power, Cities and Corporate sectors.",1,,1,Active,1984-01-01,year,https://proef.com/en,https://www.linkedin.com/company/proefgroup,,,,,1001-5000,Seed,For Profit,,Private,"64,055"
Malling & Co Venture,https://www.crunchbase.com/organization/malling-co-venture,Venture Capital,1,,"Oslo, Oslo, Norway","Nordic Countries, Scandinavia, Europe, Middle East, and Africa (EMEA)","Malling & Co provides all services within management, rental, transactions, valuations, analysis, consulting, rental search.",1,,,Active,1964-01-01,year,https://malling.no/,https://www.linkedin.com/company/eiendomshuset-malling-&-co/,"Commercial, Real Estate","Other, Real Estate",,,251-500,,,,Private,"64,084"
Founders Edge,https://www.crunchbase.com/organization/founders-edge,"Micro VC, Venture Capital",1,,"Helsinki, Southern Finland, Finland","European Union (EU), Nordic Countries, Scandinavia",Founders Edge invests in pre-seed startups.,1,,,Active,,,https://foundersedge.vc,https://www.linkedin.com/company/founders-edge,"Angel Investment, Venture Capital","Financial Services, Lending and Investments",1,Henry Nilert,1-10,"Early Stage Venture, Seed",,,Private,"64,249"
Finacom Venture Capital,https://www.crunchbase.com/organization/finacom-venture-capital,Venture Capital,1,,"Limassol, Limassol, Cyprus","Europe, Middle East, and Africa (EMEA), European Union (EU), Middle East",Venture capital firm focused on start-ups in the area of FinTech or Productivity tools / Teams collaboration tools,1,,1,Active,2012-01-01,day,http://www.finacom.vc,https://www.linkedin.com/company/18285385/,Venture Capital,"Financial Services, Lending and Investments",1,Aleksey Kuznetsov,1-10,"Convertible Note, Early Stage Venture, Venture",,,Private,"64,800"
The Valley,https://www.crunchbase.com/organization/the-valley-3e21,"Angel Group, Family Investment Office, Venture Capital",1,,"Madrid, Madrid, Spain","European Union (EU), Europe, Middle East, and Africa (EMEA)","The Valley is a Venture Capital firm that focused on private investors, family offices, and corporation.",1,,1,Active,2020-01-01,year,https://thevalley.es/,https://es.linkedin.com/company/the-valley-digital-business-school,"B2B, Financial Services, Venture Capital","Financial Services, Lending and Investments, Other",,,1-10,,For Profit,,Private,"65,409"
BD Ventures,https://www.crunchbase.com/organization/bd-ventures-d568,Venture Capital,1,,"Hanoi, NA - Vietnam, Vietnam","Asia-Pacific (APAC), Association of Southeast Asian Nations (ASEAN), Southeast Asia",BD Ventures (BD stands for Big Deal) is a Venture Capital that was founded in 2020 in Viet Nam.,1,,,Active,2020-06-01,day,https://www.bdventures.vn/,https://www.linkedin.com/company/bd-ventures-vn,"Cryptocurrency, Venture Capital","Blockchain and Cryptocurrency, Financial Services, Lending and Investments, Payments, Software",2,"Le Quang Linh, Nguyen Dang Hieu",11-50,Initial Coin Offering,,,Private,"65,943"
Wallstreet Group,https://www.crunchbase.com/organization/wallstreet-group,Venture Capital,1,,,,Wallstreet is specialised in private equity investments as well as wealth management for safeguarding assets and maximizing capital growth.,1,,1,Closed,,,https://www.wallstreet.fi/en/,https://www.linkedin.com/company/3749859,,,,,,,For Profit,,Private,"66,651"
Pertile Venture,https://www.crunchbase.com/organization/pertile-venture,Venture Capital,1,,,,Pertile Venture is an investment firm.,1,,,Active,,,,,,,,,,,,,Private,"66,866"
Influence Capital,https://www.crunchbase.com/organization/influence-capital,Venture Capital,1,,,,Influence Capital operates as an investment firm.,1,,,Active,,,,https://www.linkedin.com/company/influence-capital/https://www.linkedin.com/company/influence-capital/,,,,,,Early Stage Venture,,,Private,"68,132"
B.A Consultant,https://www.crunchbase.com/organization/b-a-consultant,Venture Capital,1,1,"Toronto, Ontario, Canada",Great Lakes,BA Group is a provider of transportation planning and engineering services to public and private organizations.,1,,,Active,1974-01-01,year,http://www.bagroup.com,https://www.linkedin.com/company/ba-consulting-group-ltd-,"Consulting, Information Technology, Transportation","Information Technology, Professional Services, Transportation",,,51-100,,For Profit,,Private,"68,251"
Maggioli Ventures,https://www.crunchbase.com/organization/maggioli-ventures,Venture Capital,1,,,,Maggioli Ventures is an investment firm.,1,,,Active,,,,,,,,,,Seed,,,Private,"69,013"
Intempo Ventures,https://www.crunchbase.com/organization/intempo-ventures,Venture Capital,1,,"Tel Aviv-yafo, Tel Aviv, Israel","Europe, Middle East, and Africa (EMEA), Middle East, Middle East and North Africa (MENA)",Intempo Ventures is a Tel-Aviv-based investment office.,1,,,Active,2021-01-01,year,https://www.intempo.ventures/,https://www.linkedin.com/company/intempo-ventures/,,,,,1-10,Early Stage Venture,,,Private,"70,091"
Capelin Ventures,https://www.crunchbase.com/organization/capelin-ventures,Venture Capital,1,,"Stockholm, Stockholms Lan, Sweden","European Union (EU), Nordic Countries, Scandinavia",Capelin Ventures operates as a venture capital firm.,1,,,Active,,,https://www.capelinventures.se/,https://www.linkedin.com/company/capelin-ventures-ab/about/,,,,,1-10,Early Stage Venture,,,Private,"70,342"
DŌBRA,https://www.crunchbase.com/organization/dóbra,Venture Capital,1,,,,Impact venture studio inventing world-being solutions,1,,1,Active,2022-07-01,day,https://dobra.world,https://www.linkedin.com/company/dobra-studio,,,,,1-10,Early Stage Venture,,,Private,"70,369"
Tsukiyomi Group,https://www.crunchbase.com/organization/tsukiyomi-group,Venture Capital,1,,"Vancouver, British Columbia, Canada",,"We specialize in the Investment, Advising, Branding and marketing of new Blockchain based technologies.",1,,,Active,2021-01-31,day,https://www.tsukiyomigroup.com/,https://www.linkedin.com/company/tsukiyomi-investmentgroup,,,1,Hopoate Satini,1-10,,,,Private,"70,845"
Limex Ventures,https://www.crunchbase.com/organization/limex-ventures,Venture Capital,1,,,,Limex Ventures operates as an investment firm.,1,,1,Active,,,,,,,,,,,,,Private,"70,906"
Derbaix Ventures,https://www.crunchbase.com/organization/derbaix-ventures,Venture Capital,1,1,"Madrid, Madrid, Spain","European Union (EU), Europe, Middle East, and Africa (EMEA)",Derbaix Ventures,1,,,Active,,,,,,,,,,Early Stage Venture,For Profit,,Private,"70,987"
Ørsted Ventures,https://www.crunchbase.com/organization/ørsted-ventures,Corporate Venture Capital,1,,,,"Ørsted Ventures is an early stage, patient capital fund designed to help the next generation of climate entrepreneurs.",1,,,Active,,,,,,,,,,Early Stage Venture,,,Private,"72,990"
The Visionary Company & VC,https://www.crunchbase.com/organization/the-visionary-company-vc,Venture Capital,1,,"Oslo, Oslo, Norway","Nordic Countries, Scandinavia, Europe, Middle East, and Africa (EMEA)","The Visionary Company & VC built companies, communities, scaled platforms and sold companies.",1,,,Active,2021-01-01,year,https://www.thevisionaryvc.com/,https://www.linkedin.com/company/thevisionaryvc/,,,,,1-10,Seed,,,Private,"73,156"
Sepides Gestión,https://www.crunchbase.com/organization/sepides-gestión,Venture Capital,1,,"Madrid, Madrid, Spain","European Union (EU), Europe, Middle East, and Africa (EMEA)","Sepides Gestión is an investment company that supports Spanish companies in their creation, growth, and expansion.",1,,,Active,2005-01-01,year,http://www.sepidesgestion.es/en,,,,,,,"Early Stage Venture, Venture",For Profit,,Private,"73,472"
Alva Ventures,https://www.crunchbase.com/organization/alva-ventures,Venture Capital,1,,"Placentia, California, United States","Greater Los Angeles Area, West Coast, Western US",Alva Ventures is an investment firm.,1,,1,Active,2012-01-01,year,https://www.alva-ventures.com,,,,,,,,,,Private,"73,690"
StartupWorld,https://www.crunchbase.com/organization/startupworld-hungary-plc,Venture Capital,1,,"Budapest, Budapest, Hungary","European Union (EU), Europe, Middle East, and Africa (EMEA)",StartupWorld organizes a series of events to bring the domestic startup firms they represent closer together.,1,,1,Active,,,https://startupworld.hu,https://www.linkedin.com/company/startupworld-2020,,,,,,"Early Stage Venture, Seed",For Profit,,Private,"73,929"
Aligned,https://www.crunchbase.com/organization/aligned-ed00,"Private Equity Firm, Venture Capital",1,,"Segeltorp, Stockholms Lan, Sweden","European Union (EU), Nordic Countries, Scandinavia",Aligned invests from pre-seed Seed to early growth stages and does not specialize in any specific industry.,1,,,Active,2019-01-01,year,https://alignedvc.se,https://www.linkedin.com/company/alignedvc,,,,,1-10,Seed,,,Private,"74,153"
Chapter Válido,https://www.crunchbase.com/organization/chapter-válido,Venture Capital,1,,,,Chapter Válido is an investment firm.,1,,,Active,,,,,,,,,,Seed,,,Private,"74,435"
Grupo Boticário Ventures,https://www.crunchbase.com/organization/grupo-boticário-ventures,Corporate Venture Capital,1,,"Curitiba, Parana, Brazil",Latin America,Grupo Boticário Ventures is an corporate venture capital arm of Grupo Boticário.,1,,1,Active,,,,,,,,,,Seed,,,Private,"74,689"
Saminvest,https://www.crunchbase.com/organization/saminvest,Venture Capital,1,,,,Saminvest is a state-owned venture capital company established by the Swedish government in 2016,1,,,Active,,,http://www.saminvest.se,,,,,,,,,,Private,"75,814"
Innoventures Capital,https://www.crunchbase.com/organization/innoventures-capital,Venture Capital,1,,"Murcia, Murcia, Spain","European Union (EU), Europe, Middle East, and Africa (EMEA)",Innoventures Capital is an investment firm that specializes in investment and provides advice to companies.,1,,,Active,2014-01-01,year,https://www.innoventures.es/,https://www.linkedin.com/company/innoventures-capital-sl/,"Consulting, Finance, Financial Services, FinTech","Financial Services, Professional Services",,,1-10,Venture,,,Private,"76,222"
Delwik Group,https://www.crunchbase.com/organization/delwik-group,"Private Equity Firm, Venture Capital",1,,"Zürich, Zurich, Switzerland","Europe, Middle East, and Africa (EMEA)",Delwik Group is an independent advisory and principal investment firm.,1,,,Active,2018-01-01,year,http://www.delwikgroup.com/,https://www.linkedin.com/company/delwik-group,"Fast-Moving Consumer Goods, Information Technology, Lifestyle, Media and Entertainment, Sports","Community and Lifestyle, Consumer Goods, Information Technology, Media and Entertainment, Real Estate, Sports",1,Afua Amoah Djimi,1-10,Seed,,,Private,"77,548"
CAJU Venture Partners,https://www.crunchbase.com/organization/caju-venture-partners,Venture Capital,1,,"Amsterdam, Noord-Holland, The Netherlands","European Union (EU), Europe, Middle East, and Africa (EMEA)",Caju Venture Partners focuses on MedTech investments in the European Union.,1,,,Active,,,https://cajuventurepartners.com/,https://www.linkedin.com/company/cajuventurepartners/,,,,,1-10,Seed,,,Private,"77,600"
SMPI Group,https://www.crunchbase.com/organization/smpi-group,Venture Capital,1,,"Gallarate, Lombardia, Italy","European Union (EU), Europe, Middle East, and Africa (EMEA)","Smpi Group is a marketing and public relation company, that provides sales, marketing, startup and public relations services.",1,,,Active,1993-01-01,year,http://www.smpi.it,https://www.linkedin.com/company/smpi-srl,"Advertising, Consulting, Marketing","Advertising, Professional Services, Sales and Marketing",,,11-50,,For Profit,,Private,"78,486"
Vatne Equity,https://www.crunchbase.com/organization/vatne-equity,Venture Capital,1,1,"Oslo, Oslo, Norway","Nordic Countries, Scandinavia, Europe, Middle East, and Africa (EMEA)",Vatne Equity is a investment firm.,1,,,Active,2016-01-01,year,https://vatnecapital.com,,Financial Services,Financial Services,,,,Venture,,,Private,"78,757"
Apex VNT Ltd,https://www.crunchbase.com/organization/apex-vnt-ltd,Venture Capital,1,,"London, England, United Kingdom","Europe, Middle East, and Africa (EMEA)",Apex VNT Ltd operates as a venture capital firm.,1,,,Closed,,,http://apexvnt.com/,,,,,,,Private Equity,,,Private,"79,137"
Race Craft,https://www.crunchbase.com/organization/race-craft,"Micro VC, Venture Capital",1,,"Stockholm, Stockholms Lan, Sweden","European Union (EU), Nordic Countries, Scandinavia","VC, Accelerator",1,,1,Active,2005-10-19,day,,,,,,,1-10,"Early Stage Venture, Seed",,,Private,"79,171"
WeChange.group,https://www.crunchbase.com/organization/wechange-group,Venture Capital,1,,"Vilnius, Vilniaus Apskritis, Lithuania","European Union (EU), Europe, Middle East, and Africa (EMEA)",WeChange.group is Investing in projects that change things for the better.,1,,1,Active,,,https://wechange.group/,https://www.linkedin.com/company/wechange-group/,,,,,,Seed,,,Private,"79,399"
Crane Earth VC,https://www.crunchbase.com/organization/crane-earth-vc,Venture Capital,1,,"London, England, United Kingdom","Europe, Middle East, and Africa (EMEA)",VCs Crane Earth is a investment firm.,1,,,Active,,,https://craneearth.vc/,https://www.linkedin.com/company/crane-earth/about/,,,,,,Seed,,,Private,"79,550"
8+ Ventures,https://www.crunchbase.com/organization/8-ventures,Venture Capital,1,,"Göteborg, Vastra Gotaland, Sweden","European Union (EU), Nordic Countries, Scandinavia","8+ Ventures is a venture capital and consulting company that offers services in strategy, evaluation, business model design, and valuation.",1,,1,Active,,,https://www.eightplusventures.com,https://www.linkedin.com/company/eightplusventures,"Business Development, Consulting, Venture Capital","Financial Services, Lending and Investments, Professional Services",,,,,,,Private,"79,849"
WANDERER CAPITAL,https://www.crunchbase.com/organization/wanderer-capital,Venture Capital,1,,"Bratislava, Bratislava, Slovakia (Slovak Republic)","European Union (EU), Europe, Middle East, and Africa (EMEA)","A VC firm based in Bratislava, Slovakia focused on early-stage investments in disruptive industries.",1,,1,Active,2019-05-04,day,http://wanderercapital.com/,https://www.linkedin.com/company/wanderercapital/,Venture Capital,"Financial Services, Lending and Investments",1,Vladimir Orth,1-10,Early Stage Venture,,,Private,"79,966"
Grand River Agricultural Society,https://www.crunchbase.com/organization/grand-river-agricultural-society,Venture Capital,1,,"Elora, Ontario, Canada",Great Lakes,Grand River Agricultural Society is an incorporated under the Agricultural and Horticultural Societies.,1,,,Active,,,https://grandriveragsociety.com,https://www.linkedin.com/showcase/grand-river-agricultural-society/,Agriculture,Agriculture and Farming,,,1-10,Seed,Non-profit,,Private,"80,170"
SpaceQuest Ventures,https://www.crunchbase.com/organization/spacequest-ventures,"Private Equity Firm, Venture Capital",1,,,,"SpaceQuest Ventures creates, builds, and grows new ventures that impact lives.",1,,,Active,2021-01-01,year,http://www.spacequestventures.com,https://www.linkedin.com/company/spacequest-ventures,,,,,1-10,,,,Private,"80,978"
Skilpadda AS,https://www.crunchbase.com/organization/skilpadda-as,Venture Capital,1,,"Langhus, Akershus, Norway","Nordic Countries, Scandinavia, Europe, Middle East, and Africa (EMEA)",Skilpadda AS is an investment company focusing mainly on unlisted startups specializing in technology and the megatrend digitization.,1,,,Active,2020-01-01,year,https://skilpadda.no/,,Venture Capital,"Financial Services, Lending and Investments",1,Nikolai T Fjeld,,Early Stage Venture,For Profit,,Private,"81,276"
Foxhelm Ventures,https://www.crunchbase.com/organization/foxhelm-ventures,Venture Capital,1,,,,Investing in Nordic tech companies and contributing with hands on business development and financing strategies. Seed stages.,1,,,Closed,2015-11-17,day,http://foxhelm.com/,,,,,,1-10,,,,Private,"81,484"
Corporación Cervino,https://www.crunchbase.com/organization/corporación-cervino,Venture Capital,1,,"Barcelona, Catalonia, Spain","European Union (EU), Europe, Middle East, and Africa (EMEA)",Corporación Cervino is a venture capital investment firm.,1,,1,Active,1927-01-01,year,http://www.corporacioncervino.com/,https://www.linkedin.com/company/corporaci%C3%B3n-cervino,,,,,,Seed,For Profit,,Private,"82,374"
Online Venture,https://www.crunchbase.com/organization/online-venture,Venture Capital,1,,"Gdansk, Pomorskie, Poland","European Union (EU), Europe, Middle East, and Africa (EMEA)",Leading polish venture capital firm,1,,,Active,2010-07-12,day,http://www.onlineventure.pl,https://www.linkedin.com/company/online-venture,,,,,11-50,,,,Private,"83,441"
Powerhouse Capital,https://www.crunchbase.com/organization/powerhouse-capital,Venture Capital,1,,"Boston, Massachusetts, United States","Greater Boston Area, East Coast, New England",Powerhouse Capital is a multi strategy alternative investment firm specializing in commercial aviation finance.,1,,,Active,2015-01-01,year,http://www.powerhousecapitalllc.com/,https://in.linkedin.com/company/powerhouse-capital-llc,,,,,1-10,Early Stage Venture,,,Private,"83,502"
MNG International Investments,https://www.crunchbase.com/organization/mng-international-investments,Venture Capital,1,,"Budapest, Budapest, Hungary","European Union (EU), Europe, Middle East, and Africa (EMEA)",MNG International Investments is a Hungarian venture capital company with private investors.,1,,,Closed,2012-04-23,day,http://www.mnginvestments.com,https://www.linkedin.com/company/mng-international-investments,"Crowdfunding, Finance, Financial Services, Insurance, Venture Capital","Financial Services, Lending and Investments",,,1-10,Seed,,,Private,"83,567"
Nau of Innovation,https://www.crunchbase.com/organization/nau-of-innovation,"University Program, Venture Capital",1,,"Alicante, Comunidad Valenciana, Spain","European Union (EU), Europe, Middle East, and Africa (EMEA)","Nau of Innovation is an incubator and accelerator that provides support to entrepreneurs, start ups, and new innovative companies.",1,,,Active,,,http://www.naudelainnovacio.com/,,,,,,,,,,Private,"83,999"
Fundalogy,https://www.crunchbase.com/organization/fundalogy,Venture Capital,1,,"Málaga, Andalucia, Spain","European Union (EU), Europe, Middle East, and Africa (EMEA)",Transformando ideas en impacto: impulsa un futuro sostenible con Fundalogy.,1,,1,Active,2019-01-01,year,https://www.fundalogy.com/,https://www.linkedin.com/company/fundalogy/posts/?feedView=all,,,,,11-50,,,,Private,"84,026"
Acagesta,https://www.crunchbase.com/organization/acagesta,Venture Capital,1,,,,Acagesta is an investment firm.,1,,,Active,,,,,,,,,,Seed,,,Private,"84,678"
Global Perspectives,https://www.crunchbase.com/organization/global-perspectives-b84f,Venture Capital,1,,"Gibraltar, Gibraltar, Gibraltar","Europe, Middle East, and Africa (EMEA)","Global Perspectives has consulted with, developed, and provided funding for a number of top Web3 technology businesses.",1,,,Active,2011-01-01,year,https://globalperspectives.io,https://www.linkedin.com/company/globalperspectivesltd,Web3,"Blockchain and Cryptocurrency, Internet Services",,,1-10,Early Stage Venture,For Profit,,Private,"85,119"
DIGITAL ASSETS,https://www.crunchbase.com/organization/digital-assets-fdf5,Venture Capital,1,,,,DIGITAL ASSETS is a group of next-generation crypto experts and investors that offer solutions and marketing for early-stage enterprises.,1,,,Active,,,https://edigital-assets.io,https://www.linkedin.com/in/edigital-assets/,,,,,,Early Stage Venture,,,Private,"85,528"
North Venture,https://www.crunchbase.com/organization/north-venture,Venture Capital,1,,"Oslo, Oslo, Norway","Nordic Countries, Scandinavia, Europe, Middle East, and Africa (EMEA)",North Venture is a privately held investment company.,1,,,Active,2021-01-01,year,https://northventure.no/,,,,,,1-10,,,,Private,"86,974"
Sequitur Capital Srl,https://www.crunchbase.com/organization/sequitur-capital,Venture Capital,1,,"Milan, Lombardia, Italy","European Union (EU), Europe, Middle East, and Africa (EMEA)","Investment Management, Venture Capital, Club deals, Scale-ups, Deep Tech",1,,,Active,2018-07-01,month,http://www.sequitur-capital.com,https://www.linkedin.com/company/sequitur-capital,"Augmented Reality, B2B, Financial Services, FinTech, Internet of Things, Smart Cities, Venture Capital, Virtual Reality","Financial Services, Hardware, Internet Services, Lending and Investments, Other, Real Estate, Software",1,Anastasio Scalisi,1-10,Venture,,,Private,"87,446"
Afintia,https://www.crunchbase.com/organization/afintia,"Private Equity Firm, Venture Capital",1,,"Barcelona, Catalonia, Spain","European Union (EU), Europe, Middle East, and Africa (EMEA)",is a company specialized in the search and structuring.,1,,,Active,2006-01-01,year,http://www.afintia.com/,https://www.linkedin.com/company/afintia,,,,,1-10,Early Stage Venture,,,Private,"88,186"
T2AB.VC,https://www.crunchbase.com/organization/t2ab-vc,Venture Capital,1,,,,T2AB.VC operates as a venture capital firm.,1,,,Active,,,https://t2ab.vc/,,,,,,,Early Stage Venture,,,Private,"88,228"
Dala Capital,https://www.crunchbase.com/organization/dala-capital,"Corporate Venture Capital, Venture Capital",1,,,,DalaCapital wants to contribute to more innovative companies being started and developed successfully in Dalarna.,1,,,Active,,,https://www.dalacapital.se/,,,,,,,"Early Stage Venture, Seed",,,Private,"88,395"
Crypto Venture Capital,https://www.crunchbase.com/organization/crypto-venture-capital,Venture Capital,1,,,,Crypto Venture Capital is an investment firm.,1,,,Active,,,,,,,,,,,,,Private,"88,545"
Sillever OÜ,https://www.crunchbase.com/organization/sillever-oü,Venture Capital,1,,,,Sillever OÜ operates as an investment firm.,1,,1,Active,,,,,,,,,,Early Stage Venture,For Profit,,Private,"88,635"
Cosima Capital,https://www.crunchbase.com/organization/cosima-capital,Venture Capital,1,,"Auerbach, Sachsen, Germany","European Union (EU), Europe, Middle East, and Africa (EMEA)",Cosima Capital is a crypto fund.,1,,1,Active,2021-01-01,year,https://cosimacap.com,https://www.linkedin.com/company/cosimacapital,"Blockchain, Cryptocurrency","Blockchain and Cryptocurrency, Financial Services, Other, Payments, Software",,,1-10,"Early Stage Venture, Private Equity",,,Private,"88,673"
Camfin Alternative Assets,https://www.crunchbase.com/organization/camfin-alternative-assets,"Private Equity Firm, Venture Capital",1,,"Milan, Lombardia, Italy","European Union (EU), Europe, Middle East, and Africa (EMEA)",Camfin Alternative Assets is a PE subsidiary of Camfin Group.,1,,1,Active,,,,,,,,,,Seed,,,Private,"89,354"
Angelma-Mäkelä Oy,https://www.crunchbase.com/organization/angelma-makela-oy,Venture Capital,1,,"Hämeenlinna, Southern Finland, Finland","European Union (EU), Nordic Countries, Scandinavia",Angelma-Mäkelä Oy offers financial management services according to the needs of a company.,1,,,Active,,,https://angelma-makela.fi/yhteystiedot/,,,,,,,,For Profit,,Private,"89,656"
Eleventure,https://www.crunchbase.com/organization/eleventure,Venture Capital,1,1,"Gurgaon, Haryana, India",Asia-Pacific (APAC),Eleventure is provider of gas pipeline services and gas facilities management.,1,,,Active,2012-01-01,year,http://eleventure.in,https://www.linkedin.com/company/eleventure-engineering-pvt-ltd,Energy,Energy,1,Rajendra Patra,501-1000,,,,Private,"90,553"
MTI Holding,https://www.crunchbase.com/organization/mti-holding,Venture Capital,1,,"Cairo, Al Qahirah, Egypt","Europe, Middle East, and Africa (EMEA), Middle East, Middle East and North Africa (MENA)",MTI Holding invests in a wide range of companies.,1,,,Active,1962-01-01,year,http://mtiholding.net/en/,https://www.linkedin.com/company/mti-holding/,"Consulting, Financial Services, Impact Investing","Financial Services, Lending and Investments, Professional Services",,,251-500,"Early Stage Venture, Seed",,,Private,"91,400"
Middelborg,https://www.crunchbase.com/organization/middelborg,"Private Equity Firm, Venture Capital",1,,"Oslo, Oslo, Norway","Nordic Countries, Scandinavia, Europe, Middle East, and Africa (EMEA)","Middelborg is an investment company with investments in public and private equities, real estate and financial derivatives.",1,,,Active,1999-01-01,year,http://middelborg.no/,https://www.linkedin.com/company/middelborg-as/,,,,,1-10,"Early Stage Venture, Late Stage Venture, Private Equity",,,Private,"92,554"
Omorika Ventures,https://www.crunchbase.com/organization/omorika-ventures,Venture Capital,1,,,,Omorika Ventures is an investment firm.,1,,1,Active,,,https://omorika.vc,https://www.linkedin.com/company/omorika-ventures,,,,,,,,,Private,"92,598"
Aim High Ventures,https://www.crunchbase.com/organization/aim-high-ventures,Venture Capital,1,,"Wilmington, Delaware, United States","Greater Philadelphia Area, East Coast, Southern US",Aim High Ventures is a group of subject matter experts from several sectors of unmanned system support and operations.,1,,,Active,2014-01-01,year,,https://www.linkedin.com/company/uas-business-solutions,,,,,1-10,,,,Private,"92,627"
IClub Ventures,https://www.crunchbase.com/organization/iclub-ventures,"Micro VC, Venture Capital",1,,"Brescia, Lombardia, Italy","European Union (EU), Europe, Middle East, and Africa (EMEA)",Steward of your Startup,1,,1,Closed,2012-01-02,day,http://iclubventures.it,,,,,,,,,,Private,"92,731"
Anomaly Ventures,https://www.crunchbase.com/organization/anomaly-ventures,Venture Capital,1,,"Barcelona, Catalonia, Spain","European Union (EU), Europe, Middle East, and Africa (EMEA)",Anomaly Ventures,1,,,Active,,,,,,,,,,,,,Private,"92,962"
Constellation VMS Ventures,https://www.crunchbase.com/organization/constellation-vms-ventures,Venture Capital,1,,"Toronto, Ontario, Canada",Great Lakes,Constellation VMS Ventures is a fund develop the next generation of large vertical market software.,1,,1,Active,2021-01-01,year,https://vmsfund.com,https://www.linkedin.com/company/constellation-vms-ventures,Software,Software,,,1-10,Seed,,,Private,"93,391"
Medium Capital,https://www.crunchbase.com/organization/medium-capital,Venture Capital,1,,"Toronto, Ontario, Canada",Great Lakes,Medium Capital invest in phenomenal companies.,1,,1,Active,,,https://www.medium.capital/,https://www.linkedin.com/company/medium-capital/,,,,,1-10,,,,Private,"93,422"
Njord Ventures,https://www.crunchbase.com/organization/njord-ventures,Venture Capital,1,,"Stockholm, Stockholms Lan, Sweden","European Union (EU), Nordic Countries, Scandinavia",Njord Ventures is a seed and early-stage venture capital investor.,1,,,Active,2018-01-01,year,https://www.njordventures.se,https://www.linkedin.com/company/njord-ventures,,,,,1-10,"Early Stage Venture, Seed",,,Private,"94,008"
Symfonie Capital,https://www.crunchbase.com/organization/symfonie-capital,Venture Capital,1,,"London, England, United Kingdom","Europe, Middle East, and Africa (EMEA)",Symfonie Capital brings together a multinational team of specialists in finance and investment management.,1,,1,Active,2014-01-01,year,http://www.symfoniecapital.com/,https://www.linkedin.com/company/5307232?trk=prof-exp-company-name,"Asset Management, Consulting, Financial Services, Wealth Management","Financial Services, Professional Services",,,1-10,,For Profit,,Private,"94,170"
Alimentos Ventures,https://www.crunchbase.com/organization/alimentos-ventures,Venture Capital,1,1,"Lüneburg, Niedersachsen, Germany","European Union (EU), Europe, Middle East, and Africa (EMEA)","Alimentos Ventures is a venture capital firm investing in innovation in aquaculture feed, health, genetics, and technology.",1,,1,Active,2016-01-01,year,https://www.alimentosventures.com,https://www.linkedin.com/company/alimentos-ventures,,,,,1-10,,,,Private,"95,068"
BID Capital,https://www.crunchbase.com/organization/bid-capital-e705,Venture Capital,1,,"Miguel Hidalgo, Tabasco, Mexico",Latin America,BID Capital is an investment fund that are into venture and growth capital.,1,,1,Active,2005-01-01,year,https://bidg.mx/capital,https://www.linkedin.com/company/bid-capital/,Venture Capital,"Financial Services, Lending and Investments",,,101-250,Seed,,,Private,"95,556"
RedInvest,https://www.crunchbase.com/organization/redinvest,Venture Capital,1,,"Luzern, Luzern, Switzerland","Europe, Middle East, and Africa (EMEA)",RedInvest is a company that provides investment advice and stock market solutions to its clients.,1,,,Active,1974-01-01,year,http://www.redinvest.ch,https://www.linkedin.com/company/redinvest-immobilien-ag,,,,,,,,,Private,"95,769"
Tillväxtkassan II,https://www.crunchbase.com/organization/tillväxtkassan-ii,Venture Capital,1,,"Trångsviken, Jamtlands Lan, Sweden","European Union (EU), Nordic Countries, Scandinavia",The venture capital company formed in 2010.,1,,,Active,2005-01-01,year,http://tillvaxtkassan.se/,,,,,,,"Debt, Early Stage Venture",,,Private,"97,684"
Generali Horizon,https://www.crunchbase.com/organization/generali-horizon,Corporate Venture Capital,1,1,"Diemen, Noord-Holland, The Netherlands","European Union (EU), Europe, Middle East, and Africa (EMEA)",Generali Horizon B.V. operates as a subsidiary of Generali Worldwide Insurance Company Ltd.,1,,,Closed,,,https://www.generali.nl,https://www.linkedin.com/company/310796,"Financial Services, Insurance",Financial Services,,,251-500,Seed,For Profit,,Private,"98,148"
Regain Ventures,https://www.crunchbase.com/organization/regain-ventures,Venture Capital,1,,"Seattle, Washington, United States","Greater Seattle Area, West Coast, Western US",Regain Ventures is the one of the most reputable investment firm.,1,,,Active,2021-01-01,year,http://regainventures.co/,,,,1,Md Kazim,,"Early Stage Venture, Seed",,,Private,"98,266"
Barolo Investment Partners,https://www.crunchbase.com/organization/barolo-investment-partners,Venture Capital,1,,"Nedlands, Western Australia, Australia","Asia-Pacific (APAC), Australasia",Barolo Investment Partners is an investment firm.,1,,,Active,2020-01-01,year,https://www.baroloinvestmentpartners.com.au,https://www.linkedin.com/company/barolo-investment-partners/?originalSubdomain=au,,,,,,,,,Private,"98,852"
The Liquid Factory,https://www.crunchbase.com/organization/the-liquid-factory,Venture Capital,1,,"Berbenno Valtellina, Lombardia, Italy","European Union (EU), Europe, Middle East, and Africa (EMEA)",The Liquid Factory is a startup studio aiming to bridge European technological innovation with Silicon Valley.,1,,1,Active,,,https://www.theliquidfactory.com,https://www.linkedin.com/company/the-liquid-factory,Venture Capital,"Financial Services, Lending and Investments",,,,,,,Private,"98,856"
Milla Investment AS,https://www.crunchbase.com/organization/milla-investment-as,Venture Capital,1,,"Oslo, Oslo, Norway","Nordic Countries, Scandinavia, Europe, Middle East, and Africa (EMEA)","Hedquartered in Oslo, Norway, with investments in a range of different companies.",1,,,Active,,,,,,,,,,Seed,,,Private,"99,247"
Panda Venture Capital,https://www.crunchbase.com/organization/panda-venture-capital,Venture Capital,1,,"Sheung Wan, Hong Kong Island, Hong Kong",Asia-Pacific (APAC),Panda Venture Capital is an investment Firm.,1,,1,Closed,,,https://www.panda-vc.com,,,,,,,Early Stage Venture,,,Private,"99,385"
Invergy,https://www.crunchbase.com/organization/invergy,"Accelerator, Entrepreneurship Program, Incubator, University Program, Venture Capital",1,,"Barcelona, Catalonia, Spain","European Union (EU), Europe, Middle East, and Africa (EMEA)",Invergy is a company that invests in spin-offs and start-ups in the education and ICT sectors that are linked to the UOCs areas of expertise,1,,,Active,1994-01-01,year,https://hubbik.uoc.edu/en/invergy,https://www.linkedin.com/company/uoc,,,,,,Early Stage Venture,,,Private,"100,159"
MetaVenture Holding,https://www.crunchbase.com/organization/metaventure-holding,Venture Capital,1,,,,MetaVenture Holding is an investment company.,1,,,Active,,,,,,,,,,,,,Private,"100,185"
Impulse Generator Fund,https://www.crunchbase.com/organization/impulse-generator-fund,Venture Capital,1,,"Pärnu, Parnumaa, Estonia","European Union (EU), Europe, Middle East, and Africa (EMEA)",Impulse Generator Fund is a type of venture capital funding that provides both technical skills and growth support to startups.,1,,,Active,2022-01-01,year,https://impulsegenerator.tech,https://www.linkedin.com/company/impulse-generator-fund,,,,,1-10,Venture,,,Private,"100,205"
Kitikat Metaventures,https://www.crunchbase.com/organization/kitikat-metaventures,Venture Capital,1,,"Tallinn, Harjumaa, Estonia","European Union (EU), Europe, Middle East, and Africa (EMEA)",Kitikat Metaventures is on a mission to accelerate the growth of Metaverse.,1,,,Active,,,https://kitikatmetaventures.vc,,"Metaverse, Web3","Blockchain and Cryptocurrency, Internet Services, Media and Entertainment, Software",,,,"Early Stage Venture, Seed",,,Private,"100,399"
Praxi,https://www.crunchbase.com/organization/praxi-fc03,Corporate Venture Capital,1,,,,CVC of Italian Corp,1,,,Active,,,,,,,,,,Seed,,,Private,"100,607"
Fundacion Entrecanales Venture Capital,https://www.crunchbase.com/organization/fundacion-entrecanales-venture-capital,"Accelerator, Incubator, Venture Capital",1,,"Madrid, Madrid, Spain","European Union (EU), Europe, Middle East, and Africa (EMEA)",Fundacion Entrecanales Venture Capital aims to promote the economic development of Spanish society through innovation and entrepreneurship.,1,,,Active,2009-01-01,year,http://fjme.org,https://www.linkedin.com/company/3197331,,,,,1-10,,,,Private,"100,732"
50TresDigital,https://www.crunchbase.com/organization/50tresdigital,Venture Capital,1,,"Valencia, Comunidad Valenciana, Spain","European Union (EU), Europe, Middle East, and Africa (EMEA)",50tresdigital is an investment company that offers funding opportunities to seed and development capital digital companies.,1,,,Active,,,http://50tresdigital.es/,,,,,,,,,,Private,"100,828"
Diamond Atlas Capital Limited,https://www.crunchbase.com/organization/diamond-atlas-capital-limited,Venture Capital,1,,,,"Diamond Atlas is dedicated to guiding the development of Web 3.0 and decentralized finance to create intrinsic, sustainable value.",1,,,Active,2021-01-01,year,https://diamondatlas.io/,https://www.linkedin.com/company/diamond-altas-capital,Decentralized Finance (DeFi),Blockchain and Cryptocurrency,,,,"Early Stage Venture, Private Equity",For Profit,,Private,"101,386"
BENE Asia Capital,https://www.crunchbase.com/organization/bene-asia-capital,Venture Capital,1,,,,BENE Asia Capital are specialists in technology and service for new generation.,1,,,Active,,,https://www.beneasiacapital.com/,,,,,,,Seed,,,Private,"102,152"
The WBAF Fund,https://www.crunchbase.com/organization/the-wbaf-fund,"Angel Group, Venture Capital",1,,"Gumussuyu, Istanbul, Turkey","Europe, Middle East, and Africa (EMEA), Middle East, Middle East and North Africa (MENA)",The WBAF Angel Investment Fund is designed to capitalize on entrepreneurial activity and venture financing for startups and scaleups.,1,,1,Active,,,https://wbaforum.org/AngelFund/WBAF-Angel-Investment-Fund/1,https://www.linkedin.com/company/wbaforum/,,,,,,Seed,,,Private,"102,732"
Inbox Ventures,https://www.crunchbase.com/organization/inbox-ventures,Venture Capital,1,1,,,Inbox Ventures,1,,,Active,,,,,,,,,,,,,Private,"104,247"
Homu Health Ventures,https://www.crunchbase.com/organization/homu-health-ventures,"Accelerator, Incubator, Venture Capital",1,,"Barcelona, Catalonia, Spain","European Union (EU), Europe, Middle East, and Africa (EMEA)","Homu Health Ventures is an incubator, venture capitalist, and accelerator for biomedical firms.",1,,,Active,2019-01-01,year,http://homuinvest.com,https://www.linkedin.com/company/homu-invest-health-ventures,,,,,1-10,Seed,,,Private,"104,334"
Haga Ventures,https://www.crunchbase.com/organization/haga-ventures,Venture Capital,1,,,,Haga Ventures is a investment firm.,1,,,Active,,,https://haga.vc,,,,,,,,,,Private,"104,619"
Sidinvest,https://www.crunchbase.com/organization/sidinvest,"Family Investment Office, Venture Capital",1,,"Torino, Piemonte, Italy","European Union (EU), Europe, Middle East, and Africa (EMEA)",Sidinvest is an investment management company that offers investment consultation for individuals and organizations.,1,,1,Active,1969-01-01,year,https://sidinvest.com/,https://www.linkedin.com/company/sidinvest-group/,"Angel Investment, Financial Services, Venture Capital","Financial Services, Lending and Investments",1,Alexandre Campra,1-10,"Private Equity, Seed",,,Private,"104,888"
Sara Digital Ventures,https://www.crunchbase.com/organization/sara-digital-ventures,Venture Capital,1,,"Singapore, Central Region, Singapore","Asia-Pacific (APAC), Association of Southeast Asian Nations (ASEAN), Southeast Asia",Private Investment Company,1,,1,Closed,2015-04-01,day,https://www.sara.sg,,Venture Capital,"Financial Services, Lending and Investments",1,Michael Wallis-Brown,1-10,"Convertible Note, Early Stage Venture, Seed",,,Private,"104,922"
Prep4Seed,https://www.crunchbase.com/organization/prep4seed,"Accelerator, Venture Capital",1,,,,Prep4Seed is a program that prepares start-ups for seed investment and investor pitches.,1,,1,Active,,,,,,,,,,"Early Stage Venture, Seed",,,Private,"105,162"
PJ & PL Invest,https://www.crunchbase.com/organization/pj-pl-invest,Venture Capital,1,,"Åkarp, Skane Lan, Sweden","European Union (EU), Nordic Countries, Scandinavia",An investment company run by Robin Olsen and Pontus Jansson.,1,,,Active,2017-07-01,month,,,,,,,,Early Stage Venture,,,Private,"106,110"
Osito Ventures,https://www.crunchbase.com/organization/osito-ventures,Venture Capital,1,,"Stockholm, Stockholms Lan, Sweden","European Union (EU), Nordic Countries, Scandinavia","Osito Ventures specializes in pre-seed, seed rounds, and syndicate investments.",1,,,Active,2024-01-01,year,https://ositovc.com/,https://www.linkedin.com/company/ositoventures/,,,,,1-10,Seed,,,Private,"106,145"
Visive Capital,https://www.crunchbase.com/organization/visive-capital,Venture Capital,1,,,,Visive Capital is a venture capital investment firm.,1,,,Active,,,,,,,,,,,,,Private,"106,519"
Bamboo Venture Capital,https://www.crunchbase.com/organization/bamboo-venture-capital,Venture Capital,1,,"A Coruña, Galicia, Spain","European Union (EU), Europe, Middle East, and Africa (EMEA)",Bamboo Venture Capital is an investment firm.,1,,,Active,,,https://www.bambooventurecapital.com,,,,,,1-10,Venture,,,Private,"106,720"
Digital Five Investment,https://www.crunchbase.com/organization/digital-five-investment,Venture Capital,1,,,,Digital Five Investment is an investment firm.,1,,,Active,,,,,,,,,,Seed,,,Private,"106,745"
HFL holdings,https://www.crunchbase.com/organization/hfl-holdings,Venture Capital,1,,"Safety Harbor, Florida, United States","Tampa Bay Area, East Coast, Southern US",HFL Holding Company invests in profitable ventures that offer recreational possibilities and delightful experiences.,1,,,Active,,,https://www.hflholding.com,,,,,,1-10,,,,Private,"107,269"
Spartacus Capital,https://www.crunchbase.com/organization/spartacus-capital,"Private Equity Firm, Venture Capital",1,,"Stockholm, Stockholms Lan, Sweden","European Union (EU), Nordic Countries, Scandinavia",Spartacus Capital is a venture capital firm that specializes in investment management.,1,,1,Active,2020-01-01,year,https://www.spartacus.capital/,https://www.linkedin.com/company/spartacuscapital/,"Financial Services, Venture Capital","Financial Services, Lending and Investments",1,Saeid Esmaeilzadeh,11-50,"Early Stage Venture, Late Stage Venture, Private Equity, Seed",,,Private,"107,298"
Manent Ventures,https://www.crunchbase.com/organization/manent-ventures,Venture Capital,1,,"Barcelona, Catalonia, Spain","European Union (EU), Europe, Middle East, and Africa (EMEA)","Manent Ventures is an investment project investing for digital, technological, legal, and other fields.",1,,,Active,,,http://www.manentventures.com/,,"Financial Services, Venture Capital","Financial Services, Lending and Investments",,,,Early Stage Venture,,,Private,"107,547"
AINS Ventures,https://www.crunchbase.com/organization/ains-ventures,Venture Capital,1,,"Tampere, Western Finland, Finland","European Union (EU), Nordic Countries, Scandinavia",AINS Ventures is an investment firm.,1,,,Active,,,,,,,,,,,,,Private,"107,626"
B-yond Ventures,https://www.crunchbase.com/organization/b-yond-ventures,Venture Capital,1,,,,"We offer capital at early stage, expertise and our network to help you grow",1,,,Active,,,https://b-yond.it,,,,,,,,,,Private,"107,752"
JRV Holding,https://www.crunchbase.com/organization/jrv-holding,"Family Investment Office, Venture Capital",1,,,,JRV Holdings is an independent venture capital firm that focuses on long-term investments in early and growth stage firms.,1,,1,Active,2021-01-01,year,,https://www.linkedin.com/company/jrv-holding-gmbh,,,,,1-10,Seed,,,Private,"108,594"
Seven Roots,https://www.crunchbase.com/organization/seven-roots,Venture Capital,1,,"Barcelona, Catalonia, Spain","European Union (EU), Europe, Middle East, and Africa (EMEA)",Seven Roots is a venture capital firm with its own investment and management model.,1,,1,Active,2021-11-01,day,https://sevenrootsvc.com,https://www.linkedin.com/company/seven-roots-vc/?viewAsMember=true,"Impact Investing, Sustainability","Financial Services, Lending and Investments, Sustainability",2,"Sandra Rams, Soly Sakkal",11-50,Early Stage Venture,,,Private,"108,633"
Bitcoin Genesys Ventures,https://www.crunchbase.com/organization/bitcoin-genesys-ventures,Venture Capital,1,,,,Bitcoin Genesys Ventures is an investment firm.,1,,1,Active,,,,,,,,,,,,,Private,"109,067"
Araelec,https://www.crunchbase.com/organization/araelec-d9f2,"Private Equity Firm, Venture Capital",1,,"Spain, Georgia, United States","East Coast, Southern US","Araelec is supplier of electrical material, specialists in automation.",1,,,Active,1997-01-01,year,https://araelec.com/,https://www.linkedin.com/company/araelec/,"Electronics, Industrial, Industrial Automation, Wholesale","Commerce and Shopping, Consumer Electronics, Hardware, Manufacturing, Science and Engineering",,,11-50,,,,Private,"109,222"
Halland Invest,https://www.crunchbase.com/organization/halland-invest,Venture Capital,1,,"Halmstad, Hallands Lan, Sweden","European Union (EU), Nordic Countries, Scandinavia",Halland Invest invests in companies and have potential for growth but are not yet ready for traditional venture capital firms.,1,,1,Active,2008-06-19,day,https://hallandinvest.se/,,,,,,,"Early Stage Venture, Seed",,,Private,"109,377"
Viremidos investicijos,https://www.crunchbase.com/organization/viremidos-investicijos-3857,"Family Investment Office, Venture Capital",1,,"Klaipeda, Klaipedos Apskritis, Lithuania","European Union (EU), Europe, Middle East, and Africa (EMEA)",Family Wealth Holding Co.,1,,,Active,,,,,,,,,1-10,,,,Private,"109,486"
Obos VC,https://www.crunchbase.com/organization/obos-vc,Venture Capital,1,,,,Obos VC is a venture capital fund.,1,,,Active,,,,,,,,,,Seed,,,Private,"109,825"
Mission VC,https://www.crunchbase.com/organization/mission-vc,Venture Capital,1,,,,Mission VC is a venture capital firm.,1,,,Active,,,,,,,,,,,,,Private,"110,129"
Dragon Invest,https://www.crunchbase.com/organization/dragon-invest,Venture Capital,1,,,,Dragon Invest is an investment arm of SVT show Draknöstet.,1,,1,Active,2022-05-01,day,,,,,,,1-10,Seed,,,Private,"110,159"
Druid Capital Ltd,https://www.crunchbase.com/organization/druid-capital-ltd,"Angel Group, Venture Capital",1,,,,Venture Capital and Private Equity Principals,1,,1,Active,2009-01-01,year,,https://www.linkedin.com/company/druid-capital-ltd/about/,,,,,,Seed,,,Private,"110,286"
Byggmax Green Ventures,https://www.crunchbase.com/organization/byggmax-green-ventures,Corporate Venture Capital,1,,,,Byggmax Green Ventures is a byggmax's initiative to create climate benefits by investing in companies that manufacture circular products.,1,,,Active,,,,,,,,,,,,,Private,"112,599"
i3Charter,https://www.crunchbase.com/organization/i3charter,Venture Capital,1,,"Bologna, Emilia-Romagna, Italy","European Union (EU), Europe, Middle East, and Africa (EMEA)",i3Charter is a venture capital firm.,1,,,Active,2019-01-01,year,,,,,,,,Seed,,,Private,"113,808"
Grimpeur Holdings,https://www.crunchbase.com/organization/grimpeur-holdings,Venture Capital,1,,"Douglas, South Lanarkshire, United Kingdom","Europe, Middle East, and Africa (EMEA)",Grimpeur Holdings is a venture capital investment firm.,1,,1,Active,,,,,,,,,,,,,Private,"114,073"
Redgert Group,https://www.crunchbase.com/organization/redgert-group,Venture Capital,1,,,,Redgert Group is a venture capital investment firm.,1,,1,Active,,,,,,,,,,,,,Private,"114,737"
Monarque Funds,https://www.crunchbase.com/organization/monarque-funds,"Corporate Venture Capital, Private Equity Firm",1,,,,"Regulated Investment Fund Manager – Lisbon, Portugal",1,,,Active,,,,https://www.linkedin.com/company/monarquefunds/,,,,,11-50,"Early Stage Venture, Private Equity",,,Private,"117,029"
Lionline Capital,https://www.crunchbase.com/organization/lionline-capital,Venture Capital,1,,,,Lionline Capital is a venture capital investment firm.,1,,,Active,,,http://lionline.finance/,,,,,,,Seed,,,Private,"117,225"
GV Capital,https://www.crunchbase.com/organization/gv-capital,Venture Capital,1,,,,GV Capital is a organization that specializes in Investment opportunities.,1,,,Active,,,,,,,,,,,,,Private,"117,403"
GAEU Consulting,https://www.crunchbase.com/organization/gaeu-consulting,Venture Capital,1,,"Stockholm, Stockholms Lan, Sweden","European Union (EU), Nordic Countries, Scandinavia",GAEU Consulting helps companies obtain public funding aimed at the development of disruptive innovations and their commercialization.,1,,,Active,2002-01-01,year,http://www.gaeu.com,https://www.linkedin.com/company/gaeu-consulting,"Consulting, Finance, Financial Services","Financial Services, Professional Services",,,11-50,Seed,,,Private,"119,488"
AngCell Ventures,https://www.crunchbase.com/organization/angcell-ventures,Venture Capital,1,,"Mexico City, Distrito Federal, Mexico",Latin America,AngCell Ventures is a venture capital investment firm.,1,,,Active,,,https://angcellventures.vc/,,,,,,,Seed,,,Private,"120,117"
Bamboo Group OÜ,https://www.crunchbase.com/organization/bamboo-group-oü,Corporate Venture Capital,1,,"Tallinn, Harjumaa, Estonia","European Union (EU), Europe, Middle East, and Africa (EMEA)",Group of IT companies,1,,,Active,2002-01-01,year,https://bamboogroup.eu,https://www.linkedin.com/company/ou-bamboo-group/mycompany/,,,,,101-250,"Early Stage Venture, Private Equity, Seed, Venture",,,Private,"120,332"
Techtree Investments,https://www.crunchbase.com/organization/techtree-investments,Venture Capital,1,,,,Techtree Investments operates as an investment firm.,1,,1,Active,,,,,,,,,,Seed,,,Private,"121,622"
Alfaro & Partners,https://www.crunchbase.com/organization/alfaro-partners,Venture Capital,1,,,,Alfaro & Partners,1,,,Active,,,,,,,,,,"Early Stage Venture, Seed",For Profit,,Private,"121,758"
Solarpunk Ventures,https://www.crunchbase.com/organization/solarpunk-ventures,Venture Capital,1,,,,Solarpunk Ventures operates as a venture capital firm.,1,,,Active,2023-01-01,year,,,,,,,,Early Stage Venture,,,Private,"122,157"
Spoti angels,https://www.crunchbase.com/organization/spoti-angels,"Accelerator, Angel Group, Venture Capital",1,1,"Berlin, Berlin, Germany","European Union (EU), Europe, Middle East, and Africa (EMEA)",Spoti angels invest in early stage start-ups.,1,,,Active,,,https://www.spotiangels.com/,https://www.linkedin.com/company/spotiangels/about/,,,,,1-10,Seed,,,Private,"122,323"
ModulEnergy OÜ,https://www.crunchbase.com/organization/modulenergy-oü,Venture Capital,1,,,,ModulEnergy OÜ operates as an investment firm.,1,,,Active,,,,,,,,,,,,,Private,"123,209"
Brigantia Capital,https://www.crunchbase.com/organization/brigantia-capital,Venture Capital,1,,,,Brigantia Capital is a profit-with-purpose investment firm that provides scale-up financing to premier UK climate technology startups.,1,,,Active,,,https://www.brigantiacapital.com,,,,,,,"Early Stage Venture, Seed",,,Private,"123,297"
Saue 3K Capital,https://www.crunchbase.com/organization/saue-3k-capital,Venture Capital,1,,"Tallinn, Harjumaa, Estonia","European Union (EU), Europe, Middle East, and Africa (EMEA)",Saue 3K Capital,1,,,Closed,,,,,,,,,,,,,Private,"123,789"
Ocean Pond Ventures,https://www.crunchbase.com/organization/ocean-pond-ventures,Venture Capital,1,,"Sliema, NA - Malta, Malta","European Union (EU), Middle East and North Africa (MENA), Europe, Middle East, and Africa (EMEA)",Ocean Pond Ventures is a venture capital firm.,1,,,Active,2023-01-01,year,https://oceanpond.vc/,https://www.linkedin.com/company/ocean-pond,,,1,Youssef Al Rashid,,,,,Private,"124,050"
Fyrin,https://www.crunchbase.com/organization/fyrin,Venture Capital,1,,"Norway, South Carolina, United States","East Coast, Southern US",Fyrin is a network of investors and business developers located in Northern Norway.,1,,,Active,,,,,,,,,,,For Profit,,Private,"124,598"
SLU Holding AB,https://www.crunchbase.com/organization/slu-holding-ab,Venture Capital,1,,,,SLU Holding will help you utilize your research to make a difference to society.,1,,,Active,2005-01-01,year,https://www.sluholding.se,https://www.linkedin.com/company/slu-holding-ab,,,,,,Seed,,,Private,"125,044"
Finalca,https://www.crunchbase.com/organization/finalca,Venture Capital,1,,"Bologna, Emilia-Romagna, Italy","European Union (EU), Europe, Middle East, and Africa (EMEA)",Finalca is an Investment Company.,1,,,Active,1987-01-01,year,http://finalca.it/,https://www.linkedin.com/company/finalca-srl/,,,,,1-10,Early Stage Venture,,,Private,"125,278"
AXIS,https://www.crunchbase.com/organization/axis-72c3,"Corporate Venture Capital, Venture Capital",1,,"Madrid, Madrid, Spain","European Union (EU), Europe, Middle East, and Africa (EMEA)",AXIS is a venture capital subsidiary of the ICO Group.,1,,,Active,,,https://www.ico.es/en/web/axis/ico/nuestros_fondos,https://www.linkedin.com/company/instituto-de-credito-oficial,,,,,,Venture,,,Private,"125,567"
Pluupi Ventures Oy - Seppo Kolari,https://www.crunchbase.com/organization/pluupi-ventures-oy-seppo-kolari,Venture Capital,1,,,,Automotive industry software development,1,,,Active,,,,,,,,,,,,,Private,"125,815"
Spicy Ventures,https://www.crunchbase.com/organization/spicy-ventures,Venture Capital,1,,"Cluj-napoca, Cluj, Romania","European Union (EU), Europe, Middle East, and Africa (EMEA)",Spicy Ventures is an investment firm that helps founders and startups grow through targeted tech-for-equity relationships.,1,,,Active,2018-01-01,year,,,,,,,1-10,,,,Private,"125,848"
Blommenholm Industrier,https://www.crunchbase.com/organization/blommenholm-industrier,Venture Capital,1,,"Oslo, Oslo, Norway","Nordic Countries, Scandinavia, Europe, Middle East, and Africa (EMEA)","Blommenholm Industrier is a finance company that focuses on investments, holding shares in schibsted and adevinta.",1,,,Active,1992-01-01,year,https://www.blommenholmindustrier.com,https://www.linkedin.com/company/blommenholm-industrier,"Finance, Financial Services, Venture Capital","Financial Services, Lending and Investments",1,Tinius Nagell-Erichsen,1-10,"Early Stage Venture, Seed",,,Private,"127,700"
Onset Capital,https://www.crunchbase.com/organization/onset-capital,Venture Capital,1,,"Salt Lake City, Utah, United States",Western US,Onset Capital is a venture capital firm.,1,,,Active,2010-01-01,year,http://www.onsetcap.com,,,,,,,,,,Private,"129,106"
ImCap Finland,https://www.crunchbase.com/organization/imcap-finland,Venture Capital,1,,"Ingå, Southern Finland, Finland","European Union (EU), Nordic Countries, Scandinavia",ImCap Finland,1,,,Active,,,,,,,,,,,,,Private,"129,469"
D2 Digital Venture,https://www.crunchbase.com/organization/d2-digital-venture,Venture Capital,1,,"Nicosia, Nicosia, Cyprus","Europe, Middle East, and Africa (EMEA), European Union (EU), Middle East",D2 Digital Venture is a venture company providing opportunities to invest in disruptive digital projects around the world.,1,,,Active,2021-01-01,year,https://d2digitalinvest.com/,,,,,,,"Early Stage Venture, Seed",,,Private,"129,911"
Arctic Investment Group,https://www.crunchbase.com/organization/arctic-investment-group,Venture Capital,1,,"Tromsø, Troms, Norway","Nordic Countries, Scandinavia, Europe, Middle East, and Africa (EMEA)",Arctic Investment Group is a northern Norwegian investment company,1,,,Active,2022-01-01,year,https://www.ai-group.no/,https://www.linkedin.com/company/arctic-investment-group/,,,1,Eskild Endrerud,1-10,Early Stage Venture,,,Private,"132,008"
Hansa Group,https://www.crunchbase.com/organization/hansa-group,Venture Capital,1,,"Tallinn, Harjumaa, Estonia","European Union (EU), Europe, Middle East, and Africa (EMEA)",Hansa Group is a capital-based group of companies operating in the Baltic States.,1,,1,Active,1996-01-01,year,https://hansagrupp.ee/,https://www.linkedin.com/company/hansa-grupp/,,,,,,,,,Private,"132,538"
DefCAP OÜ,https://www.crunchbase.com/organization/defcap-oü,Venture Capital,1,,,,DefCAP OÜ operates as an investment firm.,1,,,Active,,,,,,,,,,,,,Private,"132,896"
Value Create Ventures,https://www.crunchbase.com/organization/value-create-ventures,Corporate Venture Capital,1,,"Chuo, Hokkaido, Japan",Asia-Pacific (APAC),Value Create Ventures is the investment arm of Value Create.,1,,1,Active,,,https://www.ventures.valuecreate.net/,https://www.linkedin.com/company/value-create/,,,1,Akira Sato,11-50,,,,Private,"133,482"
ATM Venture Capital,https://www.crunchbase.com/organization/atm-capital-cc18,Venture Capital,1,,"Stockholm, Stockholms Lan, Sweden","European Union (EU), Nordic Countries, Scandinavia",ATM Venture Capital is invest in SaaS-companies in early stages.,1,,,Closed,2017-01-01,year,https://www.atmventurecapital.com/,https://www.linkedin.com/company/atm-capital/,,,,,1-10,Early Stage Venture,,,Private,"133,703"
Bejo Ventures,https://www.crunchbase.com/organization/bejo-ventures,Venture Capital,1,,,,A Venture capital firm.,1,,1,Active,,,,,Financial Services,Financial Services,,,,,,,Private,"134,048"
Piemontech,https://www.crunchbase.com/organization/piemontech,Venture Capital,1,,"Torino, Piemonte, Italy","European Union (EU), Europe, Middle East, and Africa (EMEA)",Piemontech is a venture capital firm invests with seed capital in the most promising Piedmont-based companies.,1,,,Closed,,,http://www.piemontech.it,http://www.linkedin.com/company/923061,,,,,1-10,Seed,,,Private,"134,222"
YOBU CAPITAL VENTURES,https://www.crunchbase.com/organization/yobu-capital-ventures,Venture Capital,1,,"Madrid, Madrid, Spain","European Union (EU), Europe, Middle East, and Africa (EMEA)",VENTURE CAPITAL,1,,,Active,,,,,,,,,,,,,Private,"134,367"
VC Partners SGR,https://www.crunchbase.com/organization/vc-partners-sgr,Venture Capital,1,,"Milano, Lombardia, Italy","European Union (EU), Europe, Middle East, and Africa (EMEA)",VC Partners SGR invests in consumer-facing digital ventures and technology-driven enabling platforms.,1,,,Active,2023-01-01,year,https://vcpartners.it/,https://www.linkedin.com/company/vcpsgr/,,,,,1-10,,,,Private,"134,851"
Miller Invest,https://www.crunchbase.com/organization/miller-invest,Venture Capital,1,,,,Support for Start-up projects and business,1,,,Active,,,http://www.miller.sk/en/,,,,,,,,,,Private,"135,284"
Famara Ventures,https://www.crunchbase.com/organization/famara-ventures,Venture Capital,1,,,,Famara Ventures,1,,,Active,,,,,,,,,,,,,Private,"135,656"
BSH Startup Kitchen,https://www.crunchbase.com/organization/bsh-startup-kitchen,Venture Capital,1,,"Munich, Bayern, Germany","European Union (EU), Europe, Middle East, and Africa (EMEA)",BSH Startup Kitchen is a venture client division of BSH Home Appliances Group that promotes investment in home appliances startups.,1,,,Active,2018-01-01,year,https://www.bshstartupkitchen.com,https://www.linkedin.com/showcase/bsh-startup-kitchen,"Angel Investment, Financial Services, Home Appliances, Venture Capital","Consumer Goods, Financial Services, Lending and Investments",,,10001+,,For Profit,,Private,"135,889"
Zoiros Ventures,https://www.crunchbase.com/organization/zoiros-ventures,Venture Capital,1,,"Budapest, Budapest, Hungary","European Union (EU), Europe, Middle East, and Africa (EMEA)",Zoiros Ventures is a venture capital firm based in Budapest.,1,,,Active,2018-01-01,year,,,,,,,,,,,Private,"136,302"
Mover Investimenti,https://www.crunchbase.com/organization/mover-investimenti,Venture Capital,1,,"Milan, Lombardia, Italy","European Union (EU), Europe, Middle East, and Africa (EMEA)",Mover Investimenti,1,,,Active,,,,,,,,,,Seed,,,Private,"137,429"
Syda Ventures,https://www.crunchbase.com/organization/syda-ventures,Venture Capital,1,,"Tallinn, Harjumaa, Estonia","European Union (EU), Europe, Middle East, and Africa (EMEA)",Syda Ventures focuses on investing in pre-seed and seed stage startups.,1,,,Active,,,https://syda.vc,https://www.linkedin.com/company/syda-ventures,,,,,1-10,Seed,,,Private,"137,523"
Emmergia,https://www.crunchbase.com/organization/emmergia,"Private Equity Firm, Venture Capital",1,1,"Madrid, Madrid, Spain","European Union (EU), Europe, Middle East, and Africa (EMEA)","Emmergia provides funding, private equity, IPO, and mergers and acquisition services to small and medium enterprises.",1,,,Active,2003-01-01,year,http://www.emmergia.com,https://www.linkedin.com/company/cdiglobaliberia,,,,,1-10,Seed,,,Private,"137,988"
First Partners Holding 5,https://www.crunchbase.com/organization/first-partners-holding-5,Venture Capital,1,1,"Oslo, Oslo, Norway","Nordic Countries, Scandinavia, Europe, Middle East, and Africa (EMEA)",First Partners Holding 5 is a investment firm.,1,,,Active,2006-01-01,year,,,Financial Services,Financial Services,,,,Early Stage Venture,,,Private,"138,341"
Bitorijins Ventures,https://www.crunchbase.com/organization/bitorijins-ventures,Venture Capital,1,,,,Bitorijins Ventures operates as an investment firm.,1,,1,Active,,,,,,,,,,,,,Private,"138,551"
REZIA.CAPITAL,https://www.crunchbase.com/organization/rezia-capital,Venture Capital,1,,"Wyoming, Michigan, United States","Great Lakes, Midwestern US",At REZIA CAPITAL we invest and create boutique projects that reduce friction at scale in a differential way and with strategic execution.,1,,,Active,2023-01-01,year,https://rezia.capital,https://www.linkedin.com/company/rezia-capital/,"Consulting, Information Technology, Software","Information Technology, Professional Services, Software",,,1-10,"Late Stage Venture, Private Equity, Seed",,,Private,"138,915"
Biocant Ventures,https://www.crunchbase.com/organization/biocant-ventures,Venture Capital,1,,"Cantanhede, Coimbra, Portugal","European Union (EU), Europe, Middle East, and Africa (EMEA)",Biocant Ventures is a business angel that invests in seed stage life sciences projects.,1,,,Active,2006-01-01,year,http://www.biocantventures.com,,,,,,,,,,Private,"138,942"
Grands Vignobles en Mediterranee,https://www.crunchbase.com/organization/grands-vignobles-en-mediterranee,Venture Capital,1,,"Olonzac, Languedoc-Roussillon, France","European Union (EU), Europe, Middle East, and Africa (EMEA)",Grands Vignobles en Mediterranee is an investment firm.,1,,,Active,,,,,,,,,,,,,Private,"139,275"
FD Growth Capital,https://www.crunchbase.com/organization/fd-growth-capital,Venture Capital,1,,"Stockholm, Stockholms Lan, Sweden","European Union (EU), Nordic Countries, Scandinavia",FD Growth Capital is an investment firm.,1,,,Active,,,,,,,,,,Early Stage Venture,,,Private,"140,174"
Roma Ventures,https://www.crunchbase.com/organization/roma-ventures,Venture Capital,1,,"Noida, Uttar Pradesh, India",Asia-Pacific (APAC),Roma Ventures providing retail space to many companies.,1,,,Active,2009-01-01,year,http://www.romaventures.co.in,https://www.linkedin.com/company/romaventures,"Leasing, Real Estate","Financial Services, Real Estate",,,,,,,Private,"141,134"
Top5 Partners,https://www.crunchbase.com/organization/top5-partners,"Private Equity Firm, Venture Capital",1,,"Barcelona, Catalonia, Spain","European Union (EU), Europe, Middle East, and Africa (EMEA)",Top5 Partners is a firm that are into investment.,1,,1,Active,2019-01-01,year,https://top5partners.com/,https://www.linkedin.com/company/top5-partners/,Venture Capital,"Financial Services, Lending and Investments",,,1-10,Early Stage Venture,,,Private,"142,283"
Three51 - Teamplay Ventures,https://www.crunchbase.com/organization/three51-teamplay-ventures,Venture Capital,1,,"Lisbon, Lisboa, Portugal","European Union (EU), Europe, Middle East, and Africa (EMEA)",Three51 is a venture builder that specializes in startup and corporate co-creation.,1,,,Active,2019-01-01,year,http://www.three51.com/,https://www.linkedin.com/company/three51/,,,,,,Seed,,,Private,"144,453"
Capacity VC,https://www.crunchbase.com/organization/capacity-vc,Venture Capital,1,,,,Capacity VC operates as an investment firm.,1,,,Active,,,,,,,,,,Seed,,,Private,"144,798"
Jacobo UG,https://www.crunchbase.com/organization/jacobo-ug,Venture Capital,1,1,,,Jacobo UG is the the private German investor .,1,,,Active,,,,,,,,,,Early Stage Venture,For Profit,,Private,"148,031"
Sidkap,https://www.crunchbase.com/organization/sidkap,Venture Capital,1,,"Madrid, Madrid, Spain","European Union (EU), Europe, Middle East, and Africa (EMEA)",Sidkap build companies from idea to reality working together with entrepreneurs. Sidkap invests in companies with strong and unique teams,1,,,Closed,2010-02-01,day,http://www.sidkap.com,,"Incubators, Venture Capital","Financial Services, Lending and Investments",4,"David Cantolla, Francisco Lorca, Humberto Matas, Joaquin Guirao",1-10,Seed,,,Private,"148,374"
Teqventures Scandinavia AB,https://www.crunchbase.com/organization/teqventures-scandinavia-ab,Venture Capital,1,,,,Teqventures Scandinavia AB,1,,,Active,,,,,,,,,,,,,Private,"150,143"
Ivanka Capital,https://www.crunchbase.com/organization/ivanka-capital,"Micro VC, Private Equity Firm, Venture Capital",1,1,"Toronto, Ontario, Canada",Great Lakes,Professional investments firm focusing on early-stage B2B/SaaS startups with international expansion potential,1,,1,Closed,2010-01-01,year,,,"B2B, SaaS","Other, Software",,,,"Early Stage Venture, Private Equity",,,Private,"152,324"
Jellyfish Invest,https://www.crunchbase.com/organization/jellyfish-invest-2b7c,Venture Capital,1,,"Stockholm, Stockholms Lan, Sweden","European Union (EU), Nordic Countries, Scandinavia",Jellyfish Invest is an investment firm that provide funding to growth and sustainable firm in health and software.,1,,,Active,,,https://www.jellyfishinvest.com/,https://www.linkedin.com/company/jellyfish-invest/,"Angel Investment, Funding Platform, Venture Capital","Financial Services, Lending and Investments",,,1-10,Early Stage Venture,,,Private,"153,021"
Camelus,https://www.crunchbase.com/organization/camelus,Venture Capital,1,,"Tallinn, Harjumaa, Estonia","European Union (EU), Europe, Middle East, and Africa (EMEA)",Camelus,1,,,Active,,,,,,,,,,,For Profit,,Private,"153,699"
Bitsick OÜ,https://www.crunchbase.com/organization/bitsick-oü,Venture Capital,1,,,,Bitsick OÜ operates as an investment firm.,1,,,Active,,,,,,,,,,,,,Private,"154,179"
CypherVenture,https://www.crunchbase.com/organization/cypherventure,Venture Capital,1,,,,CypherVenture is a venture capital firm.,1,,,Active,,,,,,,,,,Early Stage Venture,,,Private,"155,100"
Objekt Venture,https://www.crunchbase.com/organization/objekt-venture,Venture Capital,1,,"Oslo, Oslo, Norway","Nordic Countries, Scandinavia, Europe, Middle East, and Africa (EMEA)",Oslo-based venture capital firm focusing on UNs Sustainable Development Goals,1,,1,Active,2018-01-04,day,https://www.obj.no/om-oss,,"Information Technology, Internet, Software","Information Technology, Internet Services, Software",2,"Bjørn Niklas Sjøstrøm, Simen A. W. Olsen",1-10,"Early Stage Venture, Initial Coin Offering, Seed, Venture",,Made Acquisitions,Private,"156,744"
Wingz Capital,https://www.crunchbase.com/organization/wingz-capital,Venture Capital,1,,"Singapore, Central Region, Singapore","Asia-Pacific (APAC), Association of Southeast Asian Nations (ASEAN), Southeast Asia",Wingz Capital is an investment management firm that specializes on private equity and venture capital funds.,1,,,Active,,,http://www.wingz.com.sg,,,,,,,,,,Private,"157,518"
Trind Investments,https://www.crunchbase.com/organization/trind-investments,Venture Capital,1,,"Tallinn, Harjumaa, Estonia","European Union (EU), Europe, Middle East, and Africa (EMEA)",Trind Investments,1,,,Closed,,,,,,,,,,,,,Private,"157,582"
Franzolin Michelon family,https://www.crunchbase.com/organization/franzolin-michelon-family,Venture Capital,1,,,,Franzolin Michelon family is a family investment firm.,1,,,Active,,,,,,,,,,Seed,,,Private,"157,717"
The Inner Foudation,https://www.crunchbase.com/organization/the-inner-foudation,Venture Capital,1,,,,The Inner Foudation,1,,,Active,,,,,,,,,,,,,Private,"159,545"
Sunbar Capital,https://www.crunchbase.com/organization/sunbar-capital,Venture Capital,1,,,,Sunbar Capital is a venture capital investment firm.,1,,,Active,,,,,,,,,,,,,Private,"159,667"
SEED CDC,https://www.crunchbase.com/organization/seed-cdc,Venture Capital,1,,"Madrid, Madrid, Spain","European Union (EU), Europe, Middle East, and Africa (EMEA)",Vehiculo inversor enfocado en la fase inicial de proyectos de base tecnológica e innovadora con alto potencial de crecimiento.,1,,,Active,2015-02-04,day,http://seedcdc.com,https://www.linkedin.com/company/10959569?trk=prof-exp-company-name,,,2,"Manuel Balsera, Pedro Cozar",,"Early Stage Venture, Seed",,,Private,"162,052"
Ideable Venture,https://www.crunchbase.com/organization/ideable-venture-fund,Venture Capital,1,,"Helsinki, Southern Finland, Finland","European Union (EU), Nordic Countries, Scandinavia",Ideable Venture is an innovative investment model for seed- and early stage invesments and which utilizes functionalities of this webportal.,1,,,Closed,,,http://www.ideableventures.com,,Venture Capital,"Financial Services, Lending and Investments",,,,Early Stage Venture,,,Private,"165,684"
Kingston Ventures,https://www.crunchbase.com/organization/kingston-ventures,Venture Capital,1,,,,Spanish private investment fund,1,,,Active,,,,,,,,,,,,,Private,"169,028"
The Bonte Family Fund,https://www.crunchbase.com/organization/the-bonte-family-fund,Venture Capital,1,,,,"The Bonte Family Fund is a financial organization. Nothing is publicly known about the organization. If you have more information, please",1,,,Active,,,,,,,,,,Seed,,,Private,"173,891"
Rävberget Venture Capital AB,https://www.crunchbase.com/organization/rävberget-venture-capital-ab,Venture Capital,1,,,,Venture Capital,1,,,Active,,,,,,,,,,,,,Private,"179,969"
YOBU CAPITAL VENTURES SL,https://www.crunchbase.com/organization/yobu-capital-ventures-sl,Venture Capital,1,,,,VENTURE CAPITAL,1,,,Active,,,,,,,,,,,,,Private,"185,749"
MobilityXlab,https://www.crunchbase.com/organization/mobilityxlab,"Accelerator, Corporate Venture Capital",1,,"Gothenburg, Vastra Gotaland, Sweden","European Union (EU), Nordic Countries, Scandinavia",MobilityXlab is the innovation platform for startups targeting the automotive industry,1,,1,Active,2017-10-05,day,https://www.mobilityxlab.com/en,https://www.linkedin.com/company/mobilityxlab/,Automotive,Transportation,,,1-10,Non Equity Assistance,,,Private,"190,403"
Marketer Equities,https://www.crunchbase.com/organization/marketer-equities,Corporate Venture Capital,1,,,,Growth investment vehicle of Marketer,1,,,Active,2024-03-01,day,https://marketer.tech,https://www.linkedin.com/company/marketertechnologies/,"PropTech, Real Estate, Real Estate Investment","Financial Services, Real Estate",2,"Amir Folkestad Habhab, Vegard Aas",1-10,"Early Stage Venture, Seed",,,Private,"192,661"
Bevus Capital,https://www.crunchbase.com/organization/bevus-capital,Venture Capital,1,,,,Bevus Capital,1,,,Active,,,,,,,,,,,,,Private,"209,238"
AB Segulah,https://www.crunchbase.com/organization/ab-segulah,Venture Capital,1,,"Stockholm, Stockholms Lan, Sweden","European Union (EU), Nordic Countries, Scandinavia",AB Segulah is an investment firm that grows small companies across sectors with entrepreneurs and industry experts.,1,,,Active,1994-01-01,year,https://www.absegulah.se/,https://www.linkedin.com/company/aktiebolaget-segulah/,Venture Capital,"Financial Services, Lending and Investments",,,1-10,,,,Private,"210,420"
Clashrock Capital,https://www.crunchbase.com/organization/clashrock-capital,"Private Equity Firm, Venture Capital",1,1,"Park, Wexford, Ireland","European Union (EU), Europe, Middle East, and Africa (EMEA)","Clashrock Capital works with a core group of three Irish co-investors, each a successful entrepreneur.",1,,1,Active,2011-01-01,year,https://www.clashrockcapital.com/,https://www.linkedin.com/company/valero-financial-and-valero-private-clients,,,,,,Venture,,,Private,"217,664"
finetwork sl,https://www.crunchbase.com/organization/finetwork-sl,Corporate Venture Capital,1,,"Alicante, Comunidad Valenciana, Spain","European Union (EU), Europe, Middle East, and Africa (EMEA)",telecomunication company,1,,,Active,2019-01-02,day,https://www.finetwork.com/,https://www.linkedin.com/company/finetwork/posts/?feedView=all,,,,,251-500,Early Stage Venture,,,Private,"263,754"