Transaction Name,Transaction Name URL,Organization Name,Organization Name URL,Funding Type,Announced Date,Money Raised,Money Raised Currency,Money Raised (in USD),Diversity Spotlight,Lead Investors,Investor Names,CB Rank (Funding Round),Pre-Money Valuation,Pre-Money Valuation Currency,Pre-Money Valuation (in USD),Funding Stage,Organization Description,Organization Industries,Organization Location,Organization Website,Organization Revenue Range,Total Funding Amount,Total Funding Amount Currency,Total Funding Amount (in USD),Funding Status,Number of Funding Rounds,Number of Investors,Number of Partner Investors,Equity Only Funding,Sentiment
Series C - Epsor,https://www.crunchbase.com/funding_round/epsor-series-c--f38f0e9f,Epsor,https://www.crunchbase.com/organization/epsor,Series C,2025-03-27,16000000,EUR,17281305,,ISALT,"BlackFin Capital Partners, ISALT, Partech, Revaia","9,803",,,,Late Stage Venture,Epsor designs and distributes employee savings and retirement plans.,"Employee Benefits, Financial Services, FinTech","Paris, Ile-de-France, France, Europe",http://www.epsor.fr,$10M to $50M,43300000,EUR,50000422,Late Stage Venture,4,4,3,Yes,
Venture Round - Siteflow,https://www.crunchbase.com/funding_round/siteflow-solution-series-unknown--8fa7dc05,Siteflow,https://www.crunchbase.com/organization/siteflow-solution,Venture - Series Unknown,2025-03-17,7000000,EUR,7615931,,EDF Pulse Ventures,"EDF Pulse Ventures, LBO France","13,143",,,,,"Siteflow is the first cloud-based field service management software for complex operations (Nuclear, Special Works, Oil&Gas,...)","Construction, SaaS, Software","Paris, Ile-de-France, France, Europe",https://www.siteflow.com,$1M to $10M,18500000,EUR,19824023,,4,2,,Yes,
Venture Round - Upfront Diagnostics,https://www.crunchbase.com/funding_round/pockit-diagnositcs-series-unknown--abfe9123,Upfront Diagnostics,https://www.crunchbase.com/organization/pockit-diagnositcs,Venture - Series Unknown,2025-05-12,4300000,USD,4300000,,PHOENIX SUSTAINABLE INVESTMENTS LIMITED,"Cambridge Enterprise Ventures, PHOENIX SUSTAINABLE INVESTMENTS LIMITED","34,477",,,,,Upfront Diagnostics is discovering biomarkers to improve medical diagnosis.,"Health Care, Health Diagnostics","Cambridge, Cambridgeshire, United Kingdom, Europe",https://upfrontdiagnostics.com,$1M to $10M,8572944,USD,8572944,,6,2,,Yes,
Series A - Keboola,https://www.crunchbase.com/funding_round/keboola-series-a--78916345,Keboola,https://www.crunchbase.com/organization/keboola,Series A,2023-12-01,32000000,USD,32000000,,Viking Global Investors,"Eduard Kucera, Presto Ventures, Reflex Capital, TCF Capital, Viking Global Investors","44,115",,,,Early Stage Venture,"Keboola is a cloud platform helping clients combine, enhance and publish crucial information for internal analytics & data products.","Analytics, Data Integration, Enterprise Software, Information Technology, SaaS","London, England, United Kingdom, Europe",http://www.keboola.com,$1M to $10M,36500000,USD,36500000,Early Stage Venture,2,5,1,Yes,
Venture Round - EthicHub,https://www.crunchbase.com/funding_round/ethichub-series-unknown--8099f2be,EthicHub,https://www.crunchbase.com/organization/ethichub,Venture - Series Unknown,2025-02-23,1000000,USD,1000000,,Bybit,Bybit,"45,656",,,,,Integrating fintech and trade for a regenerative coffee supply chain,"Blockchain, Coffee, Cryptocurrency, FinTech, Impact Investing, Lending, Micro Lending, Social Impact, Supply Chain Management, Web3","Madrid, Madrid, Spain, Europe",https://ethichub.com,$1M to $10M,4430000,USD,4430000,,8,1,1,Yes,
Venture Round - HURR,https://www.crunchbase.com/funding_round/hurr-collective-series-unknown--012153e5,HURR,https://www.crunchbase.com/organization/hurr-collective,Venture - Series Unknown,2023-12-04,7900000,GBP,9980544,,Praetura Ventures,"Ascension, D4 Ventures, Octopus Ventures, Praetura Ventures","50,041",,,,,"HURR is the smart way to rent your wardrobe, on-demand.","Communities, E-Commerce, Fashion, Internet, Lifestyle, Product Design","London, England, United Kingdom, Europe",https://www.hurrcollective.com,$1M to $10M,11900000,GBP,15289245,,2,4,2,Yes,
Series A - Serviceform,https://www.crunchbase.com/funding_round/serviceform-series-a--1b3062f3,Serviceform,https://www.crunchbase.com/organization/serviceform,Series A,2024-11-19,2450000,EUR,2598714,,Virta Equity,"BackingMinds, Gorilla Capital, Lasse Järvinen, Virta Equity","52,049",,,,Early Stage Venture,"Serviceform helps businesses solve their most common problems with lead generation, marketing, customer manager, and customer support.","B2B, Lead Generation, Lead Management, SaaS, Software","Helsinki, Southern Finland, Finland, Europe",https://serviceform.com/,$1M to $10M,5298522,USD,5298522,Early Stage Venture,6,4,3,Yes,
Series A - Sympatient,https://www.crunchbase.com/funding_round/sympatient-series-a--2dd2c73d,Sympatient,https://www.crunchbase.com/organization/sympatient,Series A,2022-09-29,7500000,EUR,7371993,,Verve Ventures,Verve Ventures,"66,512",,,,Early Stage Venture,Sympatient is the first digital mental health clinc.,"Health Care, InsurTech, mHealth, Psychology, Therapeutics, Virtual Reality","Hamburg, Hamburg, Germany, Europe",https://www.sympatient.com,$1M to $10M,9100000,EUR,9144593,Early Stage Venture,2,1,1,Yes,
Series A - Umedeor,https://www.crunchbase.com/funding_round/umedeor-series-a--1b58264b,Umedeor,https://www.crunchbase.com/organization/umedeor,Series A,2023-07-05,9800000,GBP,12450357,,,"11.2 Capital, AlbionVC, Delin Ventures, Nexenai Capital, Playfair Capital","71,460",,,,Early Stage Venture,uMed enables healthcare providers to run patient research more efficiently through automating the clinical studies process,"Health Care, Information Technology, Life Science, Medical, mHealth, Software","London, England, United Kingdom, Europe",http://www.umed.io,$1M to $10M,18516440,USD,18516440,Early Stage Venture,5,5,4,Yes,
Series A - NAKA,https://www.crunchbase.com/funding_round/eligma-series-a--5f7a720c,NAKA,https://www.crunchbase.com/organization/eligma,Series A,2022-12-20,20000000,EUR,21251004,,Tether,"Bitfinex, Tether","76,454",80000000,EUR,85004016,Early Stage Venture,"NAKA specializes in the development of financial products, including a blockchain payment scheme, a self-custodial card, and a PoS solution.","Bitcoin, Blockchain, Cryptocurrency, Financial Services, Mobile Payments","Ljubljana, Ljubljana Urban Commune, Slovenia, Europe",https://naka.com/,$1M to $10M,46446614,USD,46446614,Early Stage Venture,4,2,,Yes,
Series A - Liom,https://www.crunchbase.com/funding_round/spiden-series-a--6be0d2a5,Liom,https://www.crunchbase.com/organization/spiden,Series A,2024-12-03,25000000,USD,25000000,,,,"81,005",,,,Early Stage Venture,"Liom develops the ultimate wearable to monitor needle-free biomarkers, beginning with glucose.","Artificial Intelligence (AI), Biotechnology, Medical","Pfäffikon, Zurich, Switzerland, Europe",https://www.liom.com,$1M to $10M,65250000,USD,65250000,Early Stage Venture,4,,,Yes,
Series A - NEOBRAIN,https://www.crunchbase.com/funding_round/neobrain-series-a--376e0fb4,NEOBRAIN,https://www.crunchbase.com/organization/neobrain,Series A,2022-03-24,20000000,EUR,22017121,,"Alter Equity 3P, BREEGA, Crédit Mutuel Innovation","Alter Equity 3P, BREEGA, Crédit Mutuel Innovation, La Poste Ventures, XAnge","92,030",,,,Early Stage Venture,"Detect, develop and mobilize the skills of your employees to anticipate your HR strategy of tomorrow","Artificial Intelligence (AI), Human Resources, Machine Learning, Management Information Systems, SaaS, Skill Assessment, Software","Paris, Ile-de-France, France, Europe",https://www.neobrain.io,$1M to $10M,23000000,EUR,25348622,Early Stage Venture,2,5,1,Yes,
Series B - Let’s Do This,https://www.crunchbase.com/funding_round/let-s-do-this-series-b--a1b96006,Let’s Do This,https://www.crunchbase.com/organization/let-s-do-this,Series B,2022-06-06,60000000,USD,60000000,,"Craft Ventures, Headline","Christopher North, Craft Ventures, EQT Ventures, Headline, Ian Hogarth, Morpheus Ventures, NFX, Paul Buchheit, Paula Radcliffe, Serena Williams, TechNexus Venture Collaborative, Usain Bolt, Y Combinator","93,102",,,,Early Stage Venture,Let’s Do This is an online marketplace that that features endurance events in a global scale.,"E-Commerce, Events, Marketplace, Sports","London, England, United Kingdom, Europe",https://www.letsdothis.com/,Less than $1M,81402400,USD,81402400,Early Stage Venture,6,13,3,Yes,
Series B - CREAL,https://www.crunchbase.com/funding_round/creal3d-series-b--decfbaed,CREAL,https://www.crunchbase.com/organization/creal3d,Series B,2024-09-11,,,,,Carl Zeiss Vision,"Carl Zeiss Vision, SICTIC","98,368",,,,Early Stage Venture,CREAL develops near-eye light-field display bringing true optical depth and better immersion into virtual and mixed reality.,"3D Technology, Augmented Reality, Health Care, Software, Virtual Reality","Ecublens, Vaud, Switzerland, Europe",https://www.creal.com/,$1M to $10M,24932190,USD,24932190,,12,2,,Yes,
Series A - Tesseract,https://www.crunchbase.com/funding_round/tesseract-investment-series-a--e3c17a88,Tesseract,https://www.crunchbase.com/organization/tesseract-investment,Series A,2021-06-21,25000000,USD,25000000,,Augmentum Fintech,"Augmentum Fintech, BlackFin Capital Partners, Coinbase Ventures, Concentric, DN Capital, Icebreaker.vc, Jabre Capital, LeadBlock Partners, Sapphire Ventures, Wintermute Ventures, Woorton","103,186",,,,Early Stage Venture,Tesseract is a diversified financial services and investment management innovator in digital assets,"Asset Management, Blockchain, Cryptocurrency, Financial Services, Lending","Helsinki, Southern Finland, Finland, Europe",https://tesseractinvestment.com/,$1M to $10M,25371782,USD,25371782,Early Stage Venture,2,11,2,Yes,
Series A - CREAL,https://www.crunchbase.com/funding_round/creal3d-series-a--f00a642b,CREAL,https://www.crunchbase.com/organization/creal3d,Series A,2020-11-17,6500000,CHF,7132535,,"Hammer Team, Swisscom Ventures","Ariel Luedi, DAA Capital Partners, Hammer Team, Swisscom Ventures, Verve Ventures","106,738",,,,Early Stage Venture,CREAL develops near-eye light-field display bringing true optical depth and better immersion into virtual and mixed reality.,"3D Technology, Augmented Reality, Health Care, Software, Virtual Reality","Ecublens, Vaud, Switzerland, Europe",https://www.creal.com/,$1M to $10M,24932190,USD,24932190,,12,5,2,Yes,
Series A - Papercup,https://www.crunchbase.com/funding_round/papercup-ai-series-a--38a927cc,Papercup,https://www.crunchbase.com/organization/papercup-ai,Series A,2022-06-09,20000000,USD,20000000,,Octopus Ventures,"1745 Ventures, Des Traynor, Entrepreneurs First, John Collison, LocalGlobe, Mercuri, Octopus Ventures, Sands Capital Ventures","110,239",,,,Early Stage Venture,Papercup translates videos using AI by generating voices that sound like the original speaker,"Artificial Intelligence (AI), Digital Media, Media and Entertainment, Music, Video","London, England, United Kingdom, Europe",https://www.papercup.com/,$1M to $10M,33234603,USD,33234603,M&A,4,8,1,Yes,
Series A - BeSafe Group,https://www.crunchbase.com/funding_round/besafe-rate-series-a--c7308c1c,BeSafe Group,https://www.crunchbase.com/organization/besafe-rate,Series A,2023-09-27,3000000,EUR,3151592,,"Azimut Libera Impresa, PranaVentures","Azimut Libera Impresa, CDP Venture Capital, PranaVentures","125,169",,,,Early Stage Venture,BSG brings innovative tools to the hospitality industry to improve business processes to increase the hotel’s competitive offer.,"Hospitality, SaaS, Tourism, Travel","Roma, Lazio, Italy, Europe",http://www.besafegroup.com/,$1M to $10M,4685000,EUR,5002274,Early Stage Venture,3,3,3,Yes,
Series A - Auterion,https://www.crunchbase.com/funding_round/auterion-series-a--902c2d23,Auterion,https://www.crunchbase.com/organization/auterion,Series A,2022-12-01,41000000,USD,41000000,,,,"125,499",,,,Early Stage Venture,"The ecosystem of software-defined drones, payloads, and apps within a single easy to use platform.","Drone Management, Drones, Information Technology, Open Source, Operating Systems, Robotics, Software","Zürich, Zurich, Switzerland, Europe",http://auterion.com,$1M to $10M,51000000,USD,51000000,Early Stage Venture,3,,,Yes,
Venture Round - Stirweld,https://www.crunchbase.com/funding_round/stirweld-series-unknown--a553c1af,Stirweld,https://www.crunchbase.com/organization/stirweld,Venture - Series Unknown,2024-07-16,6000000,EUR,6541256,,,"Bpifrance, Breizh Up, Pertinence Invest, Xplore","161,886",,,,,Stirweld is a company that develops new friction stir welding (FSW) technologies for machines and tools.,"Industrial Automation, Industrial Engineering, Industrial Manufacturing","Saint-grégoire, Bretagne, France, Europe",https://stirweld.com/en/about/,$1M to $10M,8000000,EUR,8950604,,2,4,2,Yes,
Series A - Snappy Shopper,https://www.crunchbase.com/funding_round/snappy-shopper-series-a--7f98674c,Snappy Shopper,https://www.crunchbase.com/organization/snappy-shopper,Series A,2021-08-10,19400000,GBP,26840921,,PayPoint,"Highland Europe, Justin King, Kelvin Capital, Maven Capital Partners, PayPoint, Scottish Enterprise","176,666",,,,Early Stage Venture,"Snappy Shopper delivers food, drink and household goods from your local store directly to your door from as little as 30 minutes.","E-Commerce, Grocery, Retail, Shopping","Dundee, Dundee City, United Kingdom, Europe",https://www.snappyshopper.co.uk/,$1M to $10M,19400000,GBP,26840921,,3,6,,Yes,
Venture Round - Shopbox,https://www.crunchbase.com/funding_round/shopbox-series-unknown--16cb63d5,Shopbox,https://www.crunchbase.com/organization/shopbox,Venture - Series Unknown,2016-02-05,2000000,EUR,2231856,,Zenith Venture Capital,Zenith Venture Capital,"177,592",,,,,Shopbox is an all-in-one app for managing small to midsize retail shops and restaurants. Awarded best Nordic POS by Mastercard,"Analytics, E-Commerce, Loyalty Programs, Mobile Payments, Point of Sale, Software","Copenhagen, Hovedstaden, Denmark, Europe",http://shopbox.com,$1M to $10M,6112627,USD,6112627,,3,1,,Yes,
Series B - Globacap,https://www.crunchbase.com/funding_round/globacap-series-b--fabd9a7d,Globacap,https://www.crunchbase.com/organization/globacap,Series B,2023-10-18,17000000,GBP,20638006,,,"Cboe Global Markets, GABI Ventures, Johannesburg Stock Exchange, Moore Strategic Ventures, QBN Capital","178,195",,,,Early Stage Venture,"We enable freedom through automation. We’re driving the evolution of capital markets by making processes frictionless, on a global scale.","Blockchain, Financial Services, FinTech, Software","London, England, United Kingdom, Europe",http://www.globacap.com,Less than $1M,37238006,USD,37238006,M&A,6,5,1,Yes,
Venture Round - PharmaCCX,https://www.crunchbase.com/funding_round/pharmaccx-series-unknown--b2e0c62a,PharmaCCX,https://www.crunchbase.com/organization/pharmaccx,Venture - Series Unknown,2023-06-29,,,,,FJ Labs,"Acurio Ventures, FJ Labs, Life Extension Ventures, Springboard Health Angels","182,936",,,,,"PharmaCCX operates a market access platform with a simple and configurable infrastructure for planning, negotiating, and managing deals.","Health Care, Medical, Online Portals, Pharmaceutical, Price Comparison, Software","Zug, Zug, Switzerland, Europe",https://www.ccx.tech/,$1M to $10M,3000000,USD,3000000,,4,4,1,Yes,
Series B - GitGuardian,https://www.crunchbase.com/funding_round/gitguardian-series-b--d9ad03d6,GitGuardian,https://www.crunchbase.com/organization/gitguardian,Series B,2021-12-07,39000000,EUR,43964715,,Eurazeo,"Balderton Capital, Bpifrance, Eurazeo, Fly Ventures, Sapphire Ventures","186,201",,,,Early Stage Venture,"GitGuardian is the code security platform for the DevOps generation, facilitating a Secure Software Development Lifecycle.","Cloud Security, Computer, Cyber Security, DevOps, Software","Paris, Ile-de-France, France, Europe",https://www.gitguardian.com,$10M to $50M,55964715,USD,55964715,Early Stage Venture,4,5,4,Yes,
Series A - Scoutium,https://www.crunchbase.com/funding_round/scoutium-series-a--ce08bf2d,Scoutium,https://www.crunchbase.com/organization/scoutium,Series A,2020-07-03,2000000,USD,2000000,,twozero Ventures,"Barbaros Özbugutu, Ercan Ergül, Nevzat Aydın, Nokta Yatırım, Orkun Saitoğlu, Selin Kiper, TechOne VC, twozero Ventures","198,817",,,,Early Stage Venture,"Scoutium is a digital scouting platform that democratizes the football industry for all fans, players, clubs, and federations.","Crowdsourcing, eSports, Soccer, Sports","Istanbul, Istanbul, Turkey, Europe",https://landing.scoutium.com/,$1M to $10M,4094579,USD,4094579,,6,8,,Yes,
Venture Round - Snappy Shopper,https://www.crunchbase.com/funding_round/snappy-shopper-series-unknown--9ae08d84,Snappy Shopper,https://www.crunchbase.com/organization/snappy-shopper,Venture - Series Unknown,2022-12-13,,,,,Highland Europe,"Highland Europe, Kelvin Capital, Scottish Enterprise","215,344",,,,,"Snappy Shopper delivers food, drink and household goods from your local store directly to your door from as little as 30 minutes.","E-Commerce, Grocery, Retail, Shopping","Dundee, Dundee City, United Kingdom, Europe",https://www.snappyshopper.co.uk/,$1M to $10M,19400000,GBP,26840921,,3,3,2,Yes,
Series B - Gleamer,https://www.crunchbase.com/funding_round/gleamer-series-b--5a754c3c,Gleamer,https://www.crunchbase.com/organization/gleamer,Series B,2023-06-28,27000000,EUR,29471189,,"Heal Capital, Supernova Invest","Bpifrance, Crista Galli Ventures, Elaia, Heal Capital, MACSF, Supernova Invest, UI Investissement, XAnge","218,646",,,,Early Stage Venture,Gleamer develops medical grade AI for Radiology,"Artificial Intelligence (AI), Software","Paris, Ile-de-France, France, Europe",http://www.gleamer.ai/,$10M to $50M,44721749,USD,44721749,Early Stage Venture,5,8,4,Yes,
Venture Round - Shopbox,https://www.crunchbase.com/funding_round/shopbox-series-unknown--3a95cf7a,Shopbox,https://www.crunchbase.com/organization/shopbox,Venture - Series Unknown,2020-06-04,10000000,DKK,1520527,,,"CVX Ventures, Daniel Åxmand, Michael Bendtsen","227,345",,,,,Shopbox is an all-in-one app for managing small to midsize retail shops and restaurants. Awarded best Nordic POS by Mastercard,"Analytics, E-Commerce, Loyalty Programs, Mobile Payments, Point of Sale, Software","Copenhagen, Hovedstaden, Denmark, Europe",http://shopbox.com,$1M to $10M,6112627,USD,6112627,,3,3,,Yes,
Venture Round - Innitius,https://www.crunchbase.com/funding_round/innitius-series-unknown--9c160e06,Innitius,https://www.crunchbase.com/organization/innitius,Venture - Series Unknown,2022-12-19,2342836,USD,2342836,,European Innovation Council,European Innovation Council,"242,706",,,,,Innitius is focus on ultrasound waves technologies development.,Medical Device,"Derio, Pais Vasco, Spain, Europe",https://www.innitius.com/,$1M to $10M,10130978,USD,10130978,Seed,7,1,,Yes,
Series A - neptune.ai,https://www.crunchbase.com/funding_round/neptune-ml-series-a--921b33dc,neptune.ai,https://www.crunchbase.com/organization/neptune-ml,Series A,2022-04-12,8000000,USD,8000000,,Almaz Capital,"Almaz Capital, Rheingau Founders","271,756",,,,Early Stage Venture,The MLOps stack component for experiment tracking,"Analytics, Artificial Intelligence (AI), Information Technology, Internet, Software","Warsaw, Mazowieckie, Poland, Europe",https://neptune.ai/,$1M to $10M,12700000,USD,12700000,Early Stage Venture,3,2,1,Yes,
Series A - CREAL,https://www.crunchbase.com/funding_round/creal3d-series-a--8f0eec82,CREAL,https://www.crunchbase.com/organization/creal3d,Series A,2019-12-20,4300000,EUR,4763197,,"DAA Capital Partners, Verve Ventures","Ariel Luedi, DAA Capital Partners, SICTIC, Verve Ventures","282,649",,,,Early Stage Venture,CREAL develops near-eye light-field display bringing true optical depth and better immersion into virtual and mixed reality.,"3D Technology, Augmented Reality, Health Care, Software, Virtual Reality","Ecublens, Vaud, Switzerland, Europe",https://www.creal.com/,$1M to $10M,24932190,USD,24932190,,12,4,2,Yes,
Series A - Theolytics,https://www.crunchbase.com/funding_round/theolytics-series-a--133ef8af,Theolytics,https://www.crunchbase.com/organization/theolytics,Series A,2021-01-07,6800000,USD,6800000,,"Epidarex Capital, Taiho Ventures","Epidarex Capital, M Ventures, Oxford Science Enterprises, Taiho Ventures","285,087",,,,Early Stage Venture,Theolytics is a clinical stage biotechnology company developing next-generation viral therapies.,"Biotechnology, Medical, Therapeutics","Oxford, Oxfordshire, United Kingdom, Europe",https://www.theolytics.com/,$1M to $10M,64256086,USD,64256086,,5,4,3,Yes,
Series A - Gleamer,https://www.crunchbase.com/funding_round/gleamer-series-a--aa76936f,Gleamer,https://www.crunchbase.com/organization/gleamer,Series A,2020-09-24,7500000,EUR,8756567,,XAnge,"Crista Galli Ventures, Elaia, Fonds Ambition Amorçage Angels, MACSF, Majycc eSanté Invest, XAnge","285,408",,,,Early Stage Venture,Gleamer develops medical grade AI for Radiology,"Artificial Intelligence (AI), Software","Paris, Ile-de-France, France, Europe",http://www.gleamer.ai/,$10M to $50M,44721749,USD,44721749,Early Stage Venture,5,6,2,Yes,
Series A - Siteflow,https://www.crunchbase.com/funding_round/siteflow-solution-series-a--109dce52,Siteflow,https://www.crunchbase.com/organization/siteflow-solution,Series A,2022-06-24,10000000,EUR,10555995,,Bpifrance,"360 Capital, Bpifrance, Siparex Groupe","288,458",,,,Early Stage Venture,"Siteflow is the first cloud-based field service management software for complex operations (Nuclear, Special Works, Oil&Gas,...)","Construction, SaaS, Software","Paris, Ile-de-France, France, Europe",https://www.siteflow.com,$1M to $10M,18500000,EUR,19824023,,4,3,3,Yes,
Venture Round - WeFish - Fishing Diary and Forecast,https://www.crunchbase.com/funding_round/wefish-fishing-diary-and-forecast-series-unknown--3753245c,WeFish - Fishing Diary and Forecast,https://www.crunchbase.com/organization/wefish-fishing-diary-and-forecast,Venture - Series Unknown,2021-10-14,,,,,Wannaseed,Wannaseed,"330,438",,,,,Mobile App for recreational anglers,"Big Data, Gamification, Machine Learning, Software, Sports","Barcelona, Catalonia, Spain, Europe",https://wefish.app/es/,,512859,USD,512859,,4,1,,Yes,
Series A - Slite,https://www.crunchbase.com/funding_round/slite-series-a--ed8ab2d1,Slite,https://www.crunchbase.com/organization/slite,Series A,2020-04-15,11000000,USD,11000000,,Spark Capital,"Hexa, Romain Peugeot, Spark Capital","335,200",,,,Early Stage Venture,"Slite is a writing tool for teams, bringing clarity to their work and helping them stay in tune anytime, any place.","Collaboration, Developer Tools, SaaS","Paris, Ile-de-France, France, Europe",http://slite.com,$100M to $500M,15400000,USD,15400000,Early Stage Venture,2,3,1,Yes,
Series A - nPlan,https://www.crunchbase.com/funding_round/nplan-series-a--6beaa975,nPlan,https://www.crunchbase.com/organization/nplan,Series A,2021-03-23,13430000,GBP,18440431,,GV,"Entrepreneurs First, GV, Ian Davis, LocalGlobe, Pentech Ventures","298,617",,,,Early Stage Venture,"Artificial Intelligence to provide schedule certainty for projects, by highlighting risk and suggesting optimal execution paths.","Artificial Intelligence (AI), Construction, Machine Learning, Project Management, Scheduling","London, England, United Kingdom, Europe",http://www.nplan.io,$1M to $10M,16430000,GBP,22381126,Early Stage Venture,4,5,1,Yes,
Series A - EasyEuro,https://www.crunchbase.com/funding_round/easyeuro-series-a--b65199d0,EasyEuro,https://www.crunchbase.com/organization/easyeuro,Series A,2019-09-23,4530000,USD,4530000,,Ally Capital,Ally Capital,"354,892",,,,Early Stage Venture,EasyEuro is a payment technology company that offers cross border trade.,"Financial Services, Payments","Paris, Ile-de-France, France, Europe",https://www.easyeuro.eu,$1M to $10M,5230000,USD,5230000,Early Stage Venture,2,1,,Yes,
Series A - Globacap,https://www.crunchbase.com/funding_round/globacap-series-a--8ca92129,Globacap,https://www.crunchbase.com/organization/globacap,Series A,2019-11-10,5000000,USD,5000000,,CoinShares,CoinShares,"392,090",,,,Early Stage Venture,"We enable freedom through automation. We’re driving the evolution of capital markets by making processes frictionless, on a global scale.","Blockchain, Financial Services, FinTech, Software","London, England, United Kingdom, Europe",http://www.globacap.com,Less than $1M,37238006,USD,37238006,M&A,6,1,1,Yes,
Venture Round - Theolytics,https://www.crunchbase.com/funding_round/theolytics-series-unknown--058072fc,Theolytics,https://www.crunchbase.com/organization/theolytics,Venture - Series Unknown,2024-04-17,19000000,GBP,23660858,,Sound Bioventures,"Epidarex Capital, M Ventures, Oxford Science Enterprises, Sound Bioventures, Taiho Ventures, University of Oxford","398,325",,,,,Theolytics is a clinical stage biotechnology company developing next-generation viral therapies.,"Biotechnology, Medical, Therapeutics","Oxford, Oxfordshire, United Kingdom, Europe",https://www.theolytics.com/,$1M to $10M,64256086,USD,64256086,,5,6,1,Yes,
Series A - neptune.ai,https://www.crunchbase.com/funding_round/neptune-ml-series-a--5ca5e298,neptune.ai,https://www.crunchbase.com/organization/neptune-ml,Series A,2020-01-28,3000000,USD,3000000,,b2venture,"b2venture, Grzegorz Świr- szcz, Marek Cygan, Mateusz Malinowski, Rheingau Founders, TDJ Pitango Ventures","417,940",,,,Early Stage Venture,The MLOps stack component for experiment tracking,"Analytics, Artificial Intelligence (AI), Information Technology, Internet, Software","Warsaw, Mazowieckie, Poland, Europe",https://neptune.ai/,$1M to $10M,12700000,USD,12700000,Early Stage Venture,3,6,2,Yes,
Series A - Epsor,https://www.crunchbase.com/funding_round/epsor-series-a--2c4db4cd,Epsor,https://www.crunchbase.com/organization/epsor,Series A,2019-07-11,6000000,EUR,6749878,,BlackFin Capital Partners,"BlackFin Capital Partners, Didier Valet, Partech","426,889",,,,Early Stage Venture,Epsor designs and distributes employee savings and retirement plans.,"Employee Benefits, Financial Services, FinTech","Paris, Ile-de-France, France, Europe",http://www.epsor.fr,$10M to $50M,43300000,EUR,50000422,Late Stage Venture,4,3,2,Yes,
Series A - Globacap,https://www.crunchbase.com/funding_round/globacap-series-a--ad542b30,Globacap,https://www.crunchbase.com/organization/globacap,Series A,2020-11-09,9000000,USD,9000000,,Johannesburg Stock Exchange,"Johannesburg Stock Exchange, Moore Strategic Ventures","420,362",,,,Early Stage Venture,"We enable freedom through automation. We’re driving the evolution of capital markets by making processes frictionless, on a global scale.","Blockchain, Financial Services, FinTech, Software","London, England, United Kingdom, Europe",http://www.globacap.com,Less than $1M,37238006,USD,37238006,M&A,6,2,1,Yes,
Series A - GitGuardian,https://www.crunchbase.com/funding_round/gitguardian-series-a--631b5259,GitGuardian,https://www.crunchbase.com/organization/gitguardian,Series A,2019-12-04,12000000,USD,12000000,,Balderton Capital,"Balderton Capital, Fly Ventures, Fonds Ambition Amorçage Angels, Kima Ventures, Renaud Visage, Scott Chacon, Sébastien Lucas","429,337",,,,Early Stage Venture,"GitGuardian is the code security platform for the DevOps generation, facilitating a Secure Software Development Lifecycle.","Cloud Security, Computer, Cyber Security, DevOps, Software","Paris, Ile-de-France, France, Europe",https://www.gitguardian.com,$10M to $50M,55964715,USD,55964715,Early Stage Venture,4,7,4,Yes,
Series A - Let’s Do This,https://www.crunchbase.com/funding_round/let-s-do-this-series-a--245ff404,Let’s Do This,https://www.crunchbase.com/organization/let-s-do-this,Series A,2019-11-13,15000000,USD,15000000,,EQT Ventures,"EQT Ventures, Hummingbird Ventures, NFX, Paddy Dear, Richard Oldfield, Y Combinator","385,486",,,,Early Stage Venture,Let’s Do This is an online marketplace that that features endurance events in a global scale.,"E-Commerce, Events, Marketplace, Sports","London, England, United Kingdom, Europe",https://www.letsdothis.com/,Less than $1M,81402400,USD,81402400,Early Stage Venture,6,6,3,Yes,
Series B - Epsor,https://www.crunchbase.com/funding_round/epsor-series-b--54cb9a77,Epsor,https://www.crunchbase.com/organization/epsor,Series B,2021-05-25,20000000,EUR,24496985,,Revaia,"Augmentum Fintech, BlackFin Capital Partners, Partech, Revaia, Robin Haak","386,319",,,,Early Stage Venture,Epsor designs and distributes employee savings and retirement plans.,"Employee Benefits, Financial Services, FinTech","Paris, Ile-de-France, France, Europe",http://www.epsor.fr,$10M to $50M,43300000,EUR,50000422,Late Stage Venture,4,5,4,Yes,
Venture Round - Let’s Do This,https://www.crunchbase.com/funding_round/let-s-do-this-series-unknown--9f6f11a4,Let’s Do This,https://www.crunchbase.com/organization/let-s-do-this,Venture - Series Unknown,2020-12-22,,,,,,TechNexus Venture Collaborative,"568,167",,,,,Let’s Do This is an online marketplace that that features endurance events in a global scale.,"E-Commerce, Events, Marketplace, Sports","London, England, United Kingdom, Europe",https://www.letsdothis.com/,Less than $1M,81402400,USD,81402400,Early Stage Venture,6,1,,Yes,
Series A - UNISOT™,https://www.crunchbase.com/funding_round/unisot-series-a--cf5b85e2,UNISOT™,https://www.crunchbase.com/organization/unisot,Series A,2020-12-15,150306,USD,150306,,,Unbounded Capital,"606,657",,,,Early Stage Venture,UNISOT™ IS A WEB3 SUPPLY CHAIN SUSTAINABILITY PLATFORM as a SERVICE,"Blockchain, Construction, Electronics, Fashion, Food and Beverage, Information Technology, Pharmaceutical, Retail, Software, Web3","Oslo, Oslo, Norway, Europe",https://unisot.com/,$1M to $10M,1600306,USD,1600306,Early Stage Venture,2,1,,Yes,
Series A - nPlan,https://www.crunchbase.com/funding_round/nplan-series-a--0564f7e0,nPlan,https://www.crunchbase.com/organization/nplan,Series A,2020-11-23,,,,,,"Entrepreneurs First, Suffolk Technologies","615,902",,,,Early Stage Venture,"Artificial Intelligence to provide schedule certainty for projects, by highlighting risk and suggesting optimal execution paths.","Artificial Intelligence (AI), Construction, Machine Learning, Project Management, Scheduling","London, England, United Kingdom, Europe",http://www.nplan.io,$1M to $10M,16430000,GBP,22381126,Early Stage Venture,4,2,,Yes,
Series A - Theolytics,https://www.crunchbase.com/funding_round/theolytics-series-a--99669a3b,Theolytics,https://www.crunchbase.com/organization/theolytics,Series A,2023-08-25,22100000,GBP,27797378,,,"Epidarex Capital, M Ventures, Oxford Science Enterprises, Taiho Ventures, University of Oxford","663,950",,,,Early Stage Venture,Theolytics is a clinical stage biotechnology company developing next-generation viral therapies.,"Biotechnology, Medical, Therapeutics","Oxford, Oxfordshire, United Kingdom, Europe",https://www.theolytics.com/,$1M to $10M,64256086,USD,64256086,,5,5,,Yes,
Series A - PharmaCCX,https://www.crunchbase.com/funding_round/pharmaccx-series-a--a26e11b4,PharmaCCX,https://www.crunchbase.com/organization/pharmaccx,Series A,2020-03-19,,,,,,"Accel, Atlantic Labs, FJ Labs, Selvedge Venture","723,424",,,,Early Stage Venture,"PharmaCCX operates a market access platform with a simple and configurable infrastructure for planning, negotiating, and managing deals.","Health Care, Medical, Online Portals, Pharmaceutical, Price Comparison, Software","Zug, Zug, Switzerland, Europe",https://www.ccx.tech/,$1M to $10M,3000000,USD,3000000,,4,4,,Yes,
Venture Round - Osprey Flight Solutions,https://www.crunchbase.com/funding_round/osprey-f2db-series-unknown--9fb43afe,Osprey Flight Solutions,https://www.crunchbase.com/organization/osprey-f2db,Venture - Series Unknown,2018-07-01,1099939,GBP,1452912,,,24 Haymarket,"578,625",,,,,Osprey Flight Solutions that brings a step change in aviation security expertise.,"Aerospace, Security","Basingstoke, Hampshire, United Kingdom, Europe",https://www.ospreyflightsolutions.com/,$1M to $10M,3299939,GBP,4511581,Seed,3,1,,Yes,
Venture Round - Manifesto Market,https://www.crunchbase.com/funding_round/manifesto-market-series-unknown--3992e30c,Manifesto Market,https://www.crunchbase.com/organization/manifesto-market,Venture - Series Unknown,2019-04-03,,,,,,Rockaway Ventures,"698,488",,,,,"Manifesto Market is a hospitality group focusing on food & beverage, real estate, technology, ​and culture.","Commercial Real Estate, Fashion, Food and Beverage, Hospitality, Leasing, Retail, Retail Technology","Prague, Hlavni mesto Praha, Czech Republic, Europe",https://www.manifesto.city/,$1M to $10M,4733500,USD,4733500,,4,1,,Yes,